id,妻の回答,夫の回答,子の回答,回答子,q1.1.1,q1.1.2,q1.2.1,q1.2.2,q1a,q1.3.1,q1.3.2,q1.3.3,q1.3.4,q1.3.5,q1.4.1,q1.4.2,q1.4.3,q1.4.4,q1.4.5,q1.5.1,q1.5.2,q1.5.3,q1.5.4,q1.5.5,q1.6.1,q1.6.2,q1.6.3,q1.6.4,q1.6.5,q2,q3,q4
101,1,1, , ,2,44,1,51,3,2,8,2,1,2,1,6,1,1,2,2,4,1,1,2, , , , , ,10,1,10
103,1,1,1,1,2,38,1,39,2,2,12,4,1,2,1,8,2,1,2, , , , , , , , , , ,13,1,13
105,1,1,1,1,2,43,1,48,1,2,15,5,1,2, , , , , , , , , , , , , , , ,20,2,17
115,1,1,1,1,2,36,1,41,1,1,10,3,1,2, , , , , , , , , , , , , , , ,12,2,0
117,1,1,1,1,2,41,1,44,2,1,14,4,1,2,1,10,3,1,2, , , , , , , , , , ,14,9,14
119,1,1, , ,2,43,1,48,1,1,5,1,1,2, , , , , , , , , , , , , , , ,10,4,5
204,1,1,1,1,2,43,1,46,2,2,17,5,1,2,1,13,4,1,2, , , , , , , , , , ,19,4,3
206,1,1,1,1,2,43,1,48,3,2,16,5,1,2,1,12,3,1,2,1,10,3,1,2, , , , , ,17,4,4
208,1,1,1,1,2,44,1,50,2,2,14,4,1,2,2,12,4,1,2, , , , , , , , , , ,16,1,16
209,1,1, , ,2,39,1,48,2,1,9,2,1,2,2,5,1,1,2, , , , , , , , , , ,14,9,0
211,1,1, , ,2,39,1,42,2,1,3,1,1,2,1,0,1,1,2, , , , , , , , , , ,7,9,3
212,1,1,1,1,2,44,1,41,2,1,15,5,1,2,2,12,4,1,2, , , , , , , , , , ,15,4,4
217,1,1,1,1,2,40,1,40,2,1,11,3,1,2,1,8,2,1,2, , , , , , , , , , ,12,4,13
218,1,1, , ,2,42,1,42,0, , , , , , , , , , , , , , , , , , , , ,6,4,5
221,1,1, , ,2,36,1,34,1,2,3,1,1,2, , , , , , , , , , , , , , , ,4,4,3
222,1,1, , ,2,41,1,48,0, , , , , , , , , , , , , , , , , , , , ,13,9,5
307,1,1,1,1,2,40,1,45,3,2,14,4,1,2,2,10,3,1,2,1,8,2,1,2, , , , , ,15,1,15
313,1,1,1,1,2,38,1,42,3,2,14,4,1,2,1,12,3,1,2,1,9,2,1,2, , , , , ,16,4,3
318,1,1,1,1,2,37,1,42,2,2,10,3,1,2,1,8,2,1,2, , , , , , , , , , ,13,4,13
321,1,1,1,1,2,42,1,42,1,1,13,4,1,2, , , , , , , , , , , , , , , ,16,1,42
401,1,1,1,1,2,42,1,44,2,2,12,4,1,2,1,12,4,1,2, , , , , , , , , , ,17,1,35
405,1,1, , ,2,41,1,42,1,1,6,2,1,2, , , , , , , , , , , , , , , ,15,1,15
406,1,1,1,2,2,44,1,45,3,1,19,6,1,2,1,15,5,1,2,1,11,3,1,2, , , , , ,20,1,2
408,1,1, , ,2,37,1,40,0, , , , , , , , , , , , , , , , , , , , ,2,4,4
410,1,1, , ,2,43,1,43,1,1,9,2,1,2, , , , , , , , , , , , , , , ,10,1,4
412,1,1, , ,2,41,1,44,2,1,9,2,1,2,2,5,1,1,2, , , , , , , , , , ,19,2,41
413,1,1,1,1,2,37,1,41,3,2,14,4,1,2,2,11,3,1,2,1,8,2,1,2, , , , , ,16,4,22
415,1,1, , ,2,35,1,35,1,2,4,1,1,2, , , , , , , , , , , , , , , ,7,2,1
418,1,1, , ,2,41,1,39,2,1,8,2,1,2,2,4,1,1,2, , , , , , , , , , ,11,2,5
502,1,1,1,1,2,42,1,45,2,2,14,4,1,2,2,11,3,1,2, , , , , , , , , , ,16,1,7
513,1,1, , ,2,35,1,40,3,2,6,2,1,2,2,5,1,1,2,1,3,1,1,2, , , , , ,9,4,35
514,1,1,1,1,2,38,1,37,2,2,10,3,1,2,1,6,2,1,2, , , , , , , , , , ,11,4,32
515,1,1, , ,2,38,1,39,2,1,3,1,1,2,1,0,1,1,2, , , , , , , , , , ,5,4,38
518,1,1,1,1,2,38,1,39,2,1,10,3,1,2,2,7,2,1,2, , , , , , , , , , ,12,1,12
519,1,1,1,1,2,40,1,38,2,1,9,3,1,2,2,5,1,1,2, , , , , , , , , , ,11,1,30
520,1,1,1,1,2,40,1,55,3,2,12,4,1,2,1,10,3,1,2,2,8,2,1,2, , , , , ,13,1,13
521,1,1,1,1,2,41,1,46,3,2,17,5,1,2,1,14,4,1,2,2,12,4,1,2, , , , , ,18,1,2
522,1,1, , ,2,37,1,36,2,1,5,1,1,2,2,0,1,1,2, , , , , , , , , , ,6,4,5
604,1,1, , ,2,36,1,37,1,2,4,1,1,2, , , , , , , , , , , , , , , ,10,4,10
607,1,1, , ,2,37,1,41,0, , , , , , , , , , , , , , , , , , , , ,10,2,5
613,1,1, , ,2,37,1,41,0, , , , , , , , , , , , , , , , , , , , ,13,2,1
614,1,1, , ,2,42,1,43,0, , , , , , , , , , , , , , , , , , , , ,13,2,21
702,1,1, , ,2,36,1,41,1,1,2,1,1,2, , , , , , , , , , , , , , , ,14,1,9
703,1,1, , ,2,37,1,41,2,1,7,2,1,2,1,5,1,1,2, , , , , , , , , , ,7,1,7
706,1,1, , ,2,41,1,35,0, , , , , , , , , , , , , , , , , , , , ,8,2,3
710,1,1,1,1,2,37,1,37,2,1,12,4,1,2,2,9,3,1,2, , , , , , , , , , ,13,1,3
715,1,1, , ,2,43,1,47,0, , , , , , , , , , , , , , , , , , , , ,15,2,15
717,1,1, , ,2,35,1,37,2,1,4,1,1,2,1,1,1,1,2, , , , , , , , , , ,5,3,5
721,1,1,1,1,2,38,1,49,2,2,15,5,1,2,2,13,4,1,2, , , , , , , , , , ,17,1,10
802,1,1, , ,2,36,1,38,0, , , , , , , , , , , , , , , , , , , , ,5,4,10
803,1,1,1,1,2,39,1,40,1,2,9,3,1,2, , , , , , , , , , , , , , , ,10,1,10
805,1,1,1,1,2,41,1,43,2,1,17,5,1,2,1,15,5,1,2, , , , , , , , , , ,19,4,17
808,1,1,1,1,2,43,1,46,2,1,15,5,1,2,2,13,4,1,2, , , , , , , , , , ,17,1,46
811,1,1,1,1,2,40,1,49,3,2,16,5,1,2,2,14,4,1,2,2,12,4,1,2, , , , , ,17,1,17
814,1,1, , ,2,36,1,38,2,1,8,2,1,2,1,5,1,1,2, , , , , , , , , , ,7,1,38
815,1,1,1,1,2,44,1,47,2,1,10,3,1,2,1,8,2,1,2, , , , , , , , , , ,12,1,40
817,1,1, , ,2,38,1,37,1,2,8,2,1,2, , , , , , , , , , , , , , , ,13,2,1
818,1,1, , ,2,38,1,40,0, , , , , , , , , , , , , , , , , , , , ,1,1,1
819,1,1, , ,2,44,1,47,1,2,6,2,1,2, , , , , , , , , , , , , , , ,7,4,5
820,1,1,1,1,2,35,1,41,2,1,12,4,1,2,1,8,2,1,2, , , , , , , , , , ,13,4,13
821,1,1, , ,2,35,1,41,3,2,7,2,1,2,1,5,1,1,2,1,3,1,1,2, , , , , ,8,3,8
907,1,1, , ,2,35,1,37,2,2,5,1,1,2,2,0,1,1,2, , , , , , , , , , ,7,4,6
911,1,1,1,1,2,37,1,39,2,1,12,4,1,2,2,9,2,1,2, , , , , , , , , , ,14,4,6
914,1,1,1,1,2,38,1,50,2,1,12,3,1,2,2,8,2,1,2, , , , , , , , , , ,13,1,7
1002,1,1, , ,2,35,1,44,1,1,1,1,1,2, , , , , , , , , , , , , , , ,10,4,10
1005,1,1, , ,2,41,1,45,2,2,4,1,1,2,2,3,1,1,2, , , , , , , , , , ,9,1,32
1007,1,1,1,1,2,38,1,38,2,1,11,3,1,2,2,11,3,1,2, , , , , , , , , , ,13,1,10
1008,1,1,1,1,2,38,1,37,2,2,12,3,1,2,2,9,3,1,2, , , , , , , , , , ,12,1,12
1012,1,1, , ,2,38,1,42,1,1,2,1,1,2, , , , , , , , , , , , , , , ,2,4,2
1103,1,1,1,1,2,40,1,50,2,1,12,4,1,2,1,8,2,1,2, , , , , , , , , , ,12,1,15
1105,1,1,1,1,2,44,1,49,3,1,15,5,1,2,2,13,4,1,2,2,8,2,1,2, , , , , ,16,1,14
1113,1,1, , ,2,37,1,40,1,2,3,1,1,2, , , , , , , , , , , , , , , ,4,1,30
1115,1,1,1,1,2,42,1,49,1,2,11,3,1,2, , , , , , , , , , , , , , , ,16,1,42
1117,1,1, , ,2,36,1,41,2,1,7,2,1,2,2,4,1,1,2, , , , , , , , , , ,7,2,19
1118,1,1,1,1,2,40,1,43,1,1,11,3,1,2, , , , , , , , , , , , , , , ,15,4,20
1122,1,1, , ,2,36,1,35,0, , , , , , , , , , , , , , , , , , , , ,3,4,12
1204,1,1, , ,2,37,1,37,2,2,6,2,1,2,2,2,1,1,2, , , , , , , , , , ,8,3,6
1206,1,1, , ,2,35,1,34,1,1,5,1,1,2, , , , , , , , , , , , , , , ,8,1,8
1207,1,1,1,1,2,42,1,50,2,1,16,5,1,2,2,15,5,1,2, , , , , , , , , , ,17,4,3
1208,1,1,1,1,2,38,1,38,1,1,14,4,1,2, , , , , , , , , , , , , , , ,16,3,0
1210,1,1,1,1,2,43,1,45,2,1,17,5,1,2,2,14,4,1,2, , , , , , , , , , ,18,1,18
1211,1,1,1,1,2,44,1,44,1,1,18,5,1,2, , , , , , , , , , , , , , , ,22,1,44
1212,1,1,1,1,2,44,1,48,1,1,14,4,1,2, , , , , , , , , , , , , , , ,17,4,18
1213,1,1,1,1,2,36,1,35,1,2,9,3,1,2, , , , , , , , , , , , , , , ,12,4,3
1214,1,1,1,1,2,36,1,40,1,2,9,3,1,2, , , , , , , , , , , , , , , ,13,1,36
1217,1,1,1,1,2,43,1,48,1,1,13,4,1,2, , , , , , , , , , , , , , , ,14,1,14
1218,1,1,1,1,2,40,1,39,1,1,9,3,1,2, , , , , , , , , , , , , , , ,10,1,10
1222,1,1,1,1,2,44,1,44,2,1,16,5,1,2,2,13,4,1,2, , , , , , , , , , ,20,1,18
1301,1,1, , ,2,36,1,37,1,1,3,1,1,2, , , , , , , , , , , , , , , ,11,4,4
1302,1,1,1,1,2,42,1,45,3,1,17,5,1,2,2,15,5,1,2,2,7,2,1,2, , , , , ,18,4,18
1304,1,1,1,1,2,43,1,46,3,1,16,5,1,2,2,14,4,1,2,1,10,3,1,2, , , , , ,18,1,46
1305,1,1, , ,2,35,1,36,3,2,7,2,1,2,1,4,1,1,2,2,1,1,1,2, , , , , ,9,1,10
1306,1,1,1,1,2,40,1,44,1,1,13,4,1,2, , , , , , , , , , , , , , , ,19,1,44
1311,1,1,1,1,2,37,1,44,1,2,10,3,1,2, , , , , , , , , , , , , , , ,11,4,11
1313,1,1, , ,2,42,1,38,0, , , , , , , , , , , , , , , , , , , , ,5,4,5
1317,1,1,1,1,2,42,1,45,2,2,12,3,1,2,2,7,2,1,2, , , , , , , , , , ,17,1,12
1318,1,1,1,1,2,36,1,37,2,1,12,3,1,2,1,9,2,1,2, , , , , , , , , , ,13,1,36
1403,1,1,1,2,2,44,1,50,2,1,20,6,1,2,1,18,5,1,2, , , , , , , , , , ,21,3,1
1407,1,1,1,1,2,42,1,55,2,2,13,4,1,2,1,10,3,1,2, , , , , , , , , , ,15,1,3
1410,1,1,1,1,2,40,1,42,2,1,11,3,1,2,2,3,1,1,2, , , , , , , , , , ,15,3,4
1419,1,1, , ,2,39,1,44,0, , , , , , , , , , , , , , , , , , , , ,14,3,12
1504,1,1,1,1,2,42,1,43,2,2,12,4,1,2,1,11,3,1,2, , , , , , , , , , ,14,1,14
1505,1,1, , ,2,38,1,39,0, , , , , , , , , , , , , , , , , , , , ,2,4,2
1507,1,1,1,1,2,35,1,42,3,1,11,3,1,2,2,10,3,1,2,2,10,3,1,2, , , , , ,13,1,13
1509,1,1,1,1,2,39,1,39,3,1,13,4,1,2,1,11,3,1,2,2,9,2,1,2, , , , , ,15,1,39
1512,1,1,1,1,2,41,1,41,1,2,17,5,1,2, , , , , , , , , , , , , , , ,23,2,41
1513,1,1,1,1,2,36,1,36,3,2,10,3,1,2,1,7,2,1,2,1,2,1,1,2, , , , , ,11,1,11
1514,1,1, , ,2,39,1,40,0, , , , , , , , , , , , , , , , , , , , ,11,4,11
1516,1,1,1,1,2,37,1,39,4,2,11,3,1,2,2,9,3,1,2,1,7,2,1,2,1,6,1,1,2,13,1,13
1517,1,1, , ,2,35,1,35,1,2,1,1,1,2, , , , , , , , , , , , , , , ,6,1,6
1601,1,1, , ,2,35,1,37,2,2,7,2,1,2,1,4,1,1,2, , , , , , , , , , ,11,1,35
1602,1,1, , ,2,36,1,37,9, , , , , , , , , , , , , , , , , , , , ,11,4,36
1603,1,1,1,1,2,40,1,40,3,2,11,3,1,2,2,9,3,1,2,2,3,1,1,2, , , , , ,12,1,40
1604,1,1,1,1,2,42,1,51,2,2,13,4,1,2,2,12,4,1,2, , , , , , , , , , ,16,1,45
1614,1,1, , ,2,35,1,36,0, , , , , , , , , , , , , , , , , , , , ,3,1,35
1615,1,1,1,1,2,36,1,37,1,1,10,3,1,2, , , , , , , , , , , , , , , ,11,1,37
1616,1,1,1,1,2,35,1,40,4,1,10,3,1,2,2,9,2,1,2,2,6,2,1,2,1,0,1,1,2,12,4,3
1618,1,1,1,1,2,40,1,37,2,1,10,3,1,2,2,7,2,1,2, , , , , , , , , , ,11,1,10
1619,1,1, , ,2,43,1,46,0, , , , , , , , , , , , , , , , , , , , ,7,4,3
1701,1,1,1,1,2,39,1,41,2,2,13,4,1,2,1,10,3,1,2, , , , , , , , , , ,15,1,16
1707,1,1, , ,2,39,1,38,1,1,1,1,1,2, , , , , , , , , , , , , , , ,11,4,7
1708,1,1,1,1,2,39,1,47,2,2,11,3,1,2,1,7,2,1,2, , , , , , , , , , ,12,2,6
1709,1,1,1,1,2,40,1,40,3,1,12,3,1,2,2,9,3,1,2,1,6,2,1,2, , , , , ,14,2,40
1711,1,1,1,1,2,41,1,42,2,2,16,5,1,2,2,14,4,1,2, , , , , , , , , , ,17,3,7
1713,1,1, , ,2,39,1,42,1,1,3,1,1,2, , , , , , , , , , , , , , , ,12,1,3
1714,1,1, , ,2,42,1,44,0, , , , , , , , , , , , , , , , , , , , ,17,1,3
1803,1,1, , ,2,39,1,40,1,1,4,1,1,2, , , , , , , , , , , , , , , ,13,1,23
1806,1,1, , ,2,38,1,37,2,2,7,2,1,2,1,5,1,1,2, , , , , , , , , , ,12,4,5
1810,1,1,1,1,2,40,1,43,1,1,14,4,1,2, , , , , , , , , , , , , , , ,20,1,30
1812,1,1,1,1,2,43,1,42,2,1,16,5,1,2,1,9,3,1,2, , , , , , , , , , ,17,1,2
1814,1,1,1,1,2,40,1,41,1,1,15,4,1,2, , , , , , , , , , , , , , , ,17,1,3
1816,1,1, , ,2,37,1,37,3,1,8,2,1,2,2,5,1,1,2,1,1,1,1,2, , , , , ,10,4,0
1817,1,1, , ,2,40,1,49,1,2,5,1,1,2, , , , , , , , , , , , , , , ,6,1,6
1818,1,1,1,1,2,44,1,45,2,2,17,5,1,2,1,13,4,1,2, , , , , , , , , , ,18,1,18
1902,1,1,1,2,2,43,1,48,2,1,18,6,1,2,2,12,4,1,2, , , , , , , , , , ,19,2,19
1903,1,1, , ,2,37,1,40,1,1,2,1,1,2, , , , , , , , , , , , , , , ,10,9,2
1905,1,1,1,1,2,40,1,45,4,1,17,5,1,2,2,15,5,1,2,2,13,4,1,2,2,9,3,1,2,18,4,18
1908,1,1,1,1,2,39,1,43,2,2,11,3,1,2,2,8,2,1,2, , , , , , , , , , ,14,1,8
1909,1,1, , ,2,42,1,41,0, , , , , , , , , , , , , , , , , , , , ,10,1,3
1910,1,1, , ,2,35,1,39,2,1,8,2,1,2,2,5,1,1,2, , , , , , , , , , ,9,3,1
1911,1,1, , ,2,40,1,40,0, , , , , , , , , , , , , , , , , , , , ,15,3,4
1916,1,1,1,1,2,41,1,36,1,1,10,3,1,2, , , , , , , , , , , , , , , ,13,1,1
1917,1,1,1,1,2,44,1,45,1,1,12,4,1,2, , , , , , , , , , , , , , , ,14,2,2
1922,1,1, , ,2,37,1,40,1,1,3,1,1,2, , , , , , , , , , , , , , , ,6,9,4
2001,1,1, , ,2,36,1,35,0, , , , , , , , , , , , , , , , , , , , ,4,9,4
2002,1,1,1,1,2,38,1,42,1,2,13,4,1,2, , , , , , , , , , , , , , , ,13,1,13
2006,1,1, , ,2,43,1,40,0, , , , , , , , , , , , , , , , , , , , ,13,4,13
2008,1,1, , ,2,36,1,38,1,2,5,1,1,2, , , , , , , , , , , , , , , ,8,1,3
2009,1,1, , ,2,37,1,40,2,1,5,1,1,2,2,2,1,1,2, , , , , , , , , , ,7,1,5
2014,1,1, , ,2,38,1,36,1,2,7,2,1,2, , , , , , , , , , , , , , , ,10,1,10
2015,1,1,1,2,2,43,1,45,2,1,16,5,2,2,2,13,4,1,2, , , , , , , , , , ,17,1,2
2018,1,1, , ,2,44,1,45,0, , , , , , , , , , , , , , , , , , , , ,19,9,19
2019,1,1, , ,2,40,1,41,0, , , , , , , , , , , , , , , , , , , , ,10,4,10
2102,1,1,1,1,2,38,1,39,3,2,12,4,1,2,1,11,3,1,2,2,2,1,1,2, , , , , ,15,4,7
2103,1,1,1,1,2,40,1,42,3,2,11,3,1,2,1,8,2,1,2,2,6,2,1,2, , , , , ,14,4,1
2106,1,1,1,1,2,37,1,35,2,2,13,4,1,2,1,7,2,1,2, , , , , , , , , , ,14,3,36
2108,1,1,1,1,2,38,1,37,2,2,9,3,1,2,2,6,2,1,2, , , , , , , , , , ,11,1,10
2110,1,1,1,1,2,40,1,49,1,2,11,3,1,2, , , , , , , , , , , , , , , ,13,4,13
2111,1,1,1,1,2,42,1,55,1,1,17,5,1,2, , , , , , , , , , , , , , , ,20,1,55
2112,1,1,1,1,2,39,1,43,1,1,11,3,1,2, , , , , , , , , , , , , , , ,12,4,10
2113,1,1,1,3,2,43,1,45,3,2,19,6,1,2,1,18,6,1,2,2,14,4,1,2, , , , , ,22,4,4
2119,1,1, , ,2,36,1,43,2,2,6,1,1,2,2,4,1,1,2, , , , , , , , , , ,7,2,1
2120,1,1,1,2,2,38,1,43,2,1,20,6,1,2,2,16,5,1,2, , , , , , , , , , ,20,4,10
2201,1,1,1,1,2,44,1,44,2,1,12,4,1,2,1,9,3,1,2, , , , , , , , , , ,13,1,13
2203,1,1, , ,2,35,1,44,1,1,6,2,1,2, , , , , , , , , , , , , , , ,9,1,6
2204,1,1,1,1,2,44,1,51,2,1,15,5,1,2,2,13,4,1,2, , , , , , , , , , ,16,1,3
2206,1,1, , ,2,38,1,36,0, , , , , , , , , , , , , , , , , , , , ,6,1,12
2208,1,1, , ,2,37,1,38,2,2,7,2,1,2,1,2,1,1,2, , , , , , , , , , ,8,2,3
2209,1,1, , ,2,36,1,36,2,2,4,1,1,2,2,0,1,1,2, , , , , , , , , , ,8,1,36
2210,1,1,1,1,2,37,1,40,2,2,11,3,1,2,1,8,2,1,2, , , , , , , , , , ,12,2,12
2218,1,1, , ,2,39,1,39,2,1,5,1,1,2,2,2,1,1,2, , , , , , , , , , ,12,4,3
2219,1,1,1,1,2,43,1,44,3,2,17,5,1,2,1,15,4,1,2,2,8,2,1,2, , , , , ,19,4,0
2221,1,1, , ,2,37,1,44,3,2,9,2,1,2,2,8,2,1,2,2,5,1,1,2, , , , , ,14,4,10
2302,1,1,1,1,2,41,1,48,2,2,15,5,1,2,1,8,2,1,2, , , , , , , , , , ,16,1,5
2303,1,1,1,1,2,39,1,46,2,1,11,3,1,2,1,10,3,1,2, , , , , , , , , , ,16,1,16
2308,1,1,1,1,2,42,1,49,2,1,14,4,1,2,1,9,3,1,2, , , , , , , , , , ,15,3,13
2309,1,1,1,1,2,36,1,38,2,2,15,5,1,2,2,12,3,1,2, , , , , , , , , , ,16,1,16
2310,1,1, , ,2,36,1,37,0, , , , , , , , , , , , , , , , , , , , ,3,1,2
2312,1,1,1,1,2,39,1,43,2,1,12,4,1,2,2,3,1,1,2, , , , , , , , , , ,15,4,15
2314,1,1, , ,2,37,1,43,0, , , , , , , , , , , , , , , , , , , , ,5,4,5
2315,1,1,1,1,2,37,1,50,2,1,16,5,1,2,2,14,4,1,2, , , , , , , , , , ,17,4,17
2321,1,1, , ,2,41,1,37,0, , , , , , , , , , , , , , , , , , , , ,10,4,0
2402,1,1,1,1,2,42,1,43,2,1,15,4,1,2,1,12,3,1,2, , , , , , , , , , ,16,1,6
2404,1,1, , ,2,39,1,35,1,1,3,1,1,2, , , , , , , , , , , , , , , ,6,4,6
2406,1,1,1,1,2,39,1,46,2,1,11,3,1,2,1,7,2,1,2, , , , , , , , , , ,13,1,7
2407,1,1,1,1,2,43,1,48,3,1,13,4,1,2,2,11,3,1,2,1,9,2,1,2, , , , , ,20,1,13
2408,1,1,1,1,2,39,1,41,3,2,13,4,1,2,2,11,3,1,2,1,7,2,1,2, , , , , ,17,1,0
2410,1,1,1,1,2,36,1,37,2,2,9,3,1,2,2,8,2,1,2, , , , , , , , , , ,10,1,3
2414,1,1, , ,2,40,1,46,2,2,8,2,1,2,1,4,1,1,2, , , , , , , , , , ,10,1,6
2415,1,1, , ,2,44,1,47,0, , , , , , , , , , , , , , , , , , , , ,11,4,11
2417,1,1, , ,2,36,1,37,3,2,5,1,1,2,1,3,1,1,2,2,0,1,1,2, , , , , ,6,1,6
2418,1,1, , ,2,35,1,54,1,2,9,2,1,2, , , , , , , , , , , , , , , ,10,1,2
2419,1,1,1,1,2,42,1,50,2,1,17,5,1,2,2,14,4,1,2, , , , , , , , , , ,20,1,12
2422,1,1,1,1,2,43,1,42,1,1,12,3,1,2, , , , , , , , , , , , , , , ,14,3,10
2501,1,1, , ,2,38,1,40,0, , , , , , , , , , , , , , , , , , , , ,13,1,3
2509,1,1,1,1,2,41,1,41,1,1,13,4,1,2, , , , , , , , , , , , , , , ,14,1,8
2512,1,1,1,1,2,40,1,44,3,2,14,4,1,2,1,10,3,1,2,2,8,2,1,2, , , , , ,15,1,6
2513,1,1,1,1,2,39,1,42,2,2,12,3,1,2,1,8,2,1,2, , , , , , , , , , ,13,1,13
2515,1,1,1,1,2,41,1,37,1,1,12,3,1,2, , , , , , , , , , , , , , , ,15,4,12
2517,1,1,1,1,2,42,1,44,1,2,16,5,1,2, , , , , , , , , , , , , , , ,17,1,17
2518,1,1,1,1,2,44,1,47,2,1,13,4,1,2,1,12,4,1,2, , , , , , , , , , ,14,1,7
2519,1,1,1,1,2,40,1,41,3,2,10,3,1,2,1,8,2,1,2,2,4,1,1,2, , , , , ,15,1,5
2603,1,1,1,1,2,42,1,44,2,1,14,4,1,2,2,12,4,1,2, , , , , , , , , , ,16,1,13
2604,1,1, , ,2,37,1,36,3,2,8,2,1,2,1,5,1,1,2,1,2,1,1,2, , , , , ,9,4,37
2606,1,1, , ,2,42,1,42,0, , , , , , , , , , , , , , , , , , , , ,4,1,42
2611,1,1, , ,2,35,1,42,0, , , , , , , , , , , , , , , , , , , , ,12,4,2
2614,1,1,1,1,2,40,1,47,2,1,15,4,1,2,2,12,3,1,2, , , , , , , , , , ,16,1,15
2615,1,1,1,1,2,41,1,46,2,1,15,4,1,2,1,12,3,1,2, , , , , , , , , , ,19,1,2
2616,1,1, , ,2,40,1,44,1,2,5,1,1,2, , , , , , , , , , , , , , , ,8,1,15
2617,1,1, , ,2,35,1,43,1,1,8,2,1,2, , , , , , , , , , , , , , , ,9,1,9
2621,1,1,1,1,2,41,1,48,2,2,17,5,1,2,2,13,4,1,2, , , , , , , , , , ,18,1,13
2622,1,1,1,1,2,39,1,40,2,1,16,5,1,2,9,13,4,1,2, , , , , , , , , , ,17,4,18
2701,1,1,1,1,2,40,1,44,2,2,16,5,1,2,1,14,4,1,2, , , , , , , , , , ,18,1,5
2702,1,1,1,1,2,44,1,51,2,2,9,3,1,2,1,5,1,1,2, , , , , , , , , , ,14,4,14
2703,1,1, , ,2,43,1,46,0, , , , , , , , , , , , , , , , , , , , ,11,1,6
2711,1,1, , ,2,35,1,38,2,1,6,1,1,2,1,3,1,1,2, , , , , , , , , , ,8,1,8
2712,1,1,1,2,2,44,1,45,3,2,19,6,1,2,2,16,5,1,2,2,13,4,1,2, , , , , ,20,1,8
2714,1,1, , ,2,40,1,43,2,1,7,2,1,2,2,3,1,1,2, , , , , , , , , , ,8,1,6
2717,1,1,1,1,2,37,1,39,2,2,9,3,1,2,1,6,2,1,2, , , , , , , , , , ,15,1,11
2718,1,1, , ,2,39,1,40,0, , , , , , , , , , , , , , , , , , , , ,15,4,15
2719,1,1,1,1,2,41,1,47,2,1,17,5,1,2,2,7,2,1,2, , , , , , , , , , ,18,1,18
2801,1,1,1,1,2,40,1,44,2,2,15,5,1,2,2,13,4,1,2, , , , , , , , , , ,16,1,9
2807,1,1,1,1,2,36,1,46,2,1,16,5,1,2,1,13,4,1,2, , , , , , , , , , ,18,4,18
2809,1,1, , ,2,36,1,35,2,1,6,2,1,2,2,1,1,1,2, , , , , , , , , , ,8,1,4
2811,1,1, , ,2,40,1,40,2,2,6,2,1,2,2,2,1,1,2, , , , , , , , , , ,14,1,10
2813,1,1,1,1,2,42,1,44,3,2,14,4,1,2,1,14,4,1,2,2,8,2,1,2, , , , , ,17,1,17
2817,1,1, , ,2,36,1,36,2,1,7,2,1,2,1,4,1,1,2, , , , , , , , , , ,12,1,36
2819,1,1,1,1,2,38,1,42,2,1,11,3,1,2,2,7,2,1,2, , , , , , , , , , ,12,4,16
2821,1,1,1,1,2,37,1,40,2,2,11,3,1,2,1,8,2,1,2, , , , , , , , , , ,11,1,12
2901,1,1,1,1,2,39,1,45,3,1,10,3,1,2,1,8,2,1,2,1,6,1,1,2, , , , , ,12,2,12
2902,1,1,1,1,2,42,1,48,2,1,14,4,1,2,1,10,3,1,2, , , , , , , , , , ,15,2,15
2903,1,1,1,1,2,37,1,43,2,1,11,3,1,2,2,5,1,1,2, , , , , , , , , , ,13,4,11
2907,1,1,1,1,2,42,1,45,2,1,13,4,1,2,2,6,2,1,2, , , , , , , , , , ,17,1,3
2911,1,1, , ,2,39,1,46,2,2,8,2,1,2,1,4,1,1,2, , , , , , , , , , ,8,2,3
2912,1,1,1,1,2,39,1,50,3,2,18,5,1,2,1,16,5,1,2,2,14,4,1,2, , , , , ,20,3,20
2914,1,1, , ,2,35,1,34,2,2,2,1,1,2,2,0,1,1,2, , , , , , , , , , ,4,1,3
2920,1,1,1,1,2,37,1,39,3,1,9,3,1,2,1,7,2,1,2,2,6,1,1,2, , , , , ,10,1,4
2921,1,1, , ,2,36,1,35,2,2,5,1,1,2,2,0,1,1,2, , , , , , , , , , ,6,4,3
3003,1,1, , ,2,40,1,42,1,2,18,6,1,2, , , , , , , , , , , , , , , ,21,4,21
3005,1,1, , ,2,35,1,43,9, , , , , , , , , , , , , , , , , , , , ,18,1,18
3007,1,1, , ,2,35,1,36,0, , , , , , , , , , , , , , , , , , , , ,10,4,10
3010,1,1,1,1,2,43,1,52,1,2,13,4,1,2, , , , , , , , , , , , , , , ,14,1,14
3011,1,1, , ,2,38,1,38,2,2,5,1,1,2,1,2,1,1,2, , , , , , , , , , ,11,1,9
3015,1,1, , ,2,43,1,46,0, , , , , , , , , , , , , , , , , , , , ,19,1,19
3016,1,1, , ,2,39,1,43,2,1,4,1,1,2,1,0,1,1,2, , , , , , , , , , ,4,1,39
3102,1,1,1,1,2,43,1,43,2,2,15,5,1,2,2,3,1,1,2, , , , , , , , , , ,17,4,8
3103,1,1, , ,2,40,1,35,1,1,8,2,1,2, , , , , , , , , , , , , , , ,12,4,7
3106,1,1,1,1,2,39,1,39,2,1,11,3,1,2,1,6,2,1,2, , , , , , , , , , ,12,4,1
3109,1,1,1,1,2,36,1,36,2,2,11,3,1,2,1,8,2,1,2, , , , , , , , , , ,12,1,6
3115,1,1,1,1,2,42,1,46,2,2,15,5,1,2,2,13,4,1,2, , , , , , , , , , ,16,1,9
3118,1,1, , ,2,35,1,35,0, , , , , , , , , , , , , , , , , , , , ,9,4,2
3119,1,1,1,1,2,35,1,36,3,2,11,3,1,2,1,8,2,1,2,2,4,1,1,2, , , , , ,13,1,6
3120,1,1,1,1,2,35,1,36,2,2,10,3,1,2,2,7,2,1,2, , , , , , , , , , ,11,1,10
3207,1,1,1,1,2,38,1,48,2,1,13,4,1,2,2,11,3,1,2, , , , , , , , , , ,14,4,14
3216,1,1,1,1,2,40,1,48,2,1,12,3,1,2,2,8,2,1,2, , , , , , , , , , ,14,3,3
3217,1,1, , ,2,36,1,38,0, , , , , , , , , , , , , , , , , , , , ,9,4,3
3219,1,1, , ,2,39,1,34,4,1,7,2,1,2,1,5,1,1,2,2,3,1,1,2,2,2,1,1,2,9,1,5
3222,1,1,1,1,2,36,1,39,2,1,9,3,1,2,1,3,1,1,2, , , , , , , , , , ,10,4,5
3303,1,1, , ,2,37,1,46,0, , , , , , , , , , , , , , , , , , , , ,15,4,15
3305,1,1, , ,2,38,1,42,2,1,6,2,1,2,1,5,1,1,2, , , , , , , , , , ,8,4,8
3309,1,1, , ,2,35,1,39,0, , , , , , , , , , , , , , , , , , , , ,10,2,35
3311,1,1,1,1,2,42,1,46,2,1,12,3,1,2,2,10,3,1,2, , , , , , , , , , ,13,1,13
3312,1,1,1,1,2,38,1,51,2,2,16,5,1,2,2,14,4,1,2, , , , , , , , , , ,19,9,21
3315,1,1, , ,2,42,1,37,2,1,8,2,1,2,1,5,1,1,2, , , , , , , , , , ,9,1,9
3317,1,1,1,1,2,35,1,44,3,1,11,3,1,2,1,8,2,1,2,2,4,1,1,2, , , , , ,13,4,10
3320,1,1, , ,2,35,1,35,2,1,7,2,1,2,1,4,1,1,2, , , , , , , , , , ,12,1,12
3321,1,1,1,1,2,40,1,44,2,2,9,3,1,2,1,4,1,1,2, , , , , , , , , , ,11,1,8
3401,1,1,1,1,2,40,1,40,3,1,11,3,1,2,1,9,3,1,2,1,6,2,1,2, , , , , ,15,1,7
3402,1,1,1,1,2,37,1,36,2,2,12,4,1,2,1,9,3,1,2, , , , , , , , , , ,13,4,37
3404,1,1,1,1,2,43,1,42,2,2,13,4,1,2,2,10,3,1,2, , , , , , , , , , ,14,2,14
3405,1,1, , ,2,36,1,34,2,1,5,1,1,2,1,3,1,1,2, , , , , , , , , , ,7,2,5
3414,1,1,1,1,2,39,1,49,2,2,12,4,1,2,1,8,2,1,2, , , , , , , , , , ,14,2,14
3415,1,1, , ,2,43,1,42,0, , , , , , , , , , , , , , , , , , , , ,17,2,10
3416,1,1,1,1,2,40,1,35,1,1,14,4,1,2, , , , , , , , , , , , , , , ,0,2,13
3418,1,1, , ,2,36,1,39,1,2,8,2,1,2, , , , , , , , , , , , , , , ,13,1,3
3420,1,1,1,1,2,38,1,39,2,2,14,4,1,2,1,11,3,1,2, , , , , , , , , , ,17,1,3
3421,1,1,1,1,2,40,1,42,1,1,9,3,1,2, , , , , , , , , , , , , , , ,12,1,5
3422,1,1, , ,2,39,1,40,0, , , , , , , , , , , , , , , , , , , , ,13,3,13
3502,1,1, , ,2,42,1,37,1,1,8,2,1,2, , , , , , , , , , , , , , , ,7,1,2
3503,1,1,1,1,2,40,1,39,2,1,14,4,1,2,2,12,3,1,2, , , , , , , , , , ,17,1,3
3505,1,1,1,1,2,42,1,44,3,1,15,5,1,2,1,12,3,1,2,1,10,3,1,2, , , , , ,16,1,16
3506,1,1,1,1,2,43,1,45,3,1,15,5,1,2,1,10,3,1,2,2,6,1,1,2, , , , , ,18,2,8
3508,1,1,1,2,2,42,1,42,2,1,18,6,1,2,2,15,5,1,2, , , , , , , , , , ,19,4,15
3509,1,1, , ,2,41,1,44,2,1,9,2,1,2,2,4,1,1,2, , , , , , , , , , ,10,1,6
3510,1,1,1,1,2,41,1,42,2,2,10,3,1,2,2,7,2,1,2, , , , , , , , , , ,15,1,10
3511,1,1, , ,2,36,1,33,2,1,9,2,1,2,2,7,2,1,2, , , , , , , , , , ,10,1,3
3512,1,1,1,1,2,37,1,37,2,2,9,3,1,2,2,7,2,1,2, , , , , , , , , , ,11,1,11
3513,1,1, , ,2,38,1,41,3,2,8,2,1,2,2,5,1,1,2,1,2,1,1,2, , , , , ,9,3,7
3515,1,1,1,1,2,42,1,55,1,1,14,4,1,2, , , , , , , , , , , , , , , ,15,4,13
3516,1,1, , ,2,36,1,38,2,2,6,1,1,2,1,3,1,1,2, , , , , , , , , , ,8,4,8
3517,1,1,1,1,2,41,1,41,2,2,11,3,1,2,1,5,1,1,2, , , , , , , , , , ,13,4,12
3518,1,1,1,1,2,44,1,46,1,2,10,3,1,2, , , , , , , , , , , , , , , ,12,4,14
3605,1,1,1,1,2,41,1,41,2,1,14,4,1,2,2,11,3,1,2, , , , , , , , , , ,16,1,9
3606,1,1,1,1,2,41,1,46,2,2,16,5,1,2,2,14,4,1,2, , , , , , , , , , ,17,4,17
3613,1,1,1,2,2,44,1,44,2,1,18,6,1,2,2,17,5,1,2, , , , , , , , , , ,20,1,14
3621,1,1,1,1,2,41,1,45,3,2,16,5,1,2,2,14,4,1,2,2,11,3,1,2, , , , , ,18,4,9
3622,1,1, , ,2,44,1,47,1,1,7,2,1,2, , , , , , , , , , , , , , , ,9,4,5
3707,1,1, , ,2,37,1,44,1,2,4,1,1,2, , , , , , , , , , , , , , , ,13,4,13
3709,1,1,1,1,2,44,1,45,1,2,15,5,1,2, , , , , , , , , , , , , , , ,24,1,24
3713,1,1, , ,2,35,1,39,2,2,8,2,1,2,1,6,1,1,2, , , , , , , , , , ,9,4,3
3714,1,1,1,1,2,40,1,46,1,1,9,3,1,2, , , , , , , , , , , , , , , ,13,1,13
3719,1,1, , ,2,38,1,35,2,2,7,2,1,2,2,3,1,1,2, , , , , , , , , , ,10,4,15
3722,1,1, , ,2,35,1,36,2,2,6,2,1,2,1,5,1,1,2, , , , , , , , , , ,7,4,7
3804,1,1,1,2,2,36,1,49,2,1,24,6,1,2,1,15,5,1,2, , , , , , , , , , ,1,1,12
3809,1,1, , ,2,36,1,33,1,1,2,1,1,2, , , , , , , , , , , , , , , ,3,4,3
3811,1,1, , ,2,38,1,43,1,2,6,2,1,2, , , , , , , , , , , , , , , ,10,4,3
3812,1,1,1,1,2,38,1,36,2,1,12,4,1,2,1,5,1,1,2, , , , , , , , , , ,6,4,3
3813,1,1, , ,2,36,1,35,3,2,8,2,1,2,1,7,2,1,2,2,5,1,1,2, , , , , ,10,4,3
3818,1,1, , ,2,38,1,42,2,1,7,2,1,2,1,5,1,1,2, , , , , , , , , , ,8,1,8
3821,1,1,1,1,2,44,1,45,3,1,15,4,1,2,2,11,3,1,2,2,9,3,1,2, , , , , ,20,1,2
3903,1,1, , ,2,37,1,31,0, , , , , , , , , , , , , , , , , , , , ,2,4,2
3904,1,1,1,1,2,39,1,38,1,1,10,3,1,2, , , , , , , , , , , , , , , ,13,1,13
3906,1,1,1,1,2,41,1,42,2,2,16,5,1,2,2,8,2,1,2, , , , , , , , , , ,18,1,12
3907,1,1,1,1,2,42,1,46,2,2,15,4,1,2,2,12,3,1,2, , , , , , , , , , ,18,1,35
3909,1,1, , ,2,35,1,45,2,1,6,2,1,2,1,1,1,1,2, , , , , , , , , , ,8,4,3
3910,1,1,1,1,2,44,1,45,2,1,17,5,1,2,1,15,4,1,2, , , , , , , , , , ,12,2,12
3911,1,1,1,1,2,37,1,44,1,2,10,3,1,2, , , , , , , , , , , , , , , ,11,2,9
3915,1,1,1,1,2,44,1,43,2,2,16,5,1,2,1,12,4,1,2, , , , , , , , , , ,17,1,2
3917,1,1,1,1,2,44,1,48,1,1,12,4,1,2, , , , , , , , , , , , , , , ,14,1,13
3919,1,1,1,1,2,41,1,42,2,1,15,5,1,2,1,13,4,1,2, , , , , , , , , , ,16,1,41
3920,1,1,1,1,2,39,1,42,1,1,13,4,1,2, , , , , , , , , , , , , , , ,15,1,11
3922,1,1, , ,2,36,1,37,0, , , , , , , , , , , , , , , , , , , , ,12,4,12
4003,1,1,1,1,2,41,1,46,2,2,15,5,1,2,2,12,4,1,2, , , , , , , , , , ,16,1,41
4004,1,1, , ,2,39,1,43,1,1,0,1,1,2, , , , , , , , , , , , , , , ,2,4,2
4006,1,1, , ,2,37,1,34,1,2,1,1,1,2, , , , , , , , , , , , , , , ,6,4,8
4007,1,1,1,1,2,43,1,46,1,1,11,3,1,2, , , , , , , , , , , , , , , ,15,1,18
4009,1,1,1,2,2,44,1,49,3,1,18,6,1,2,1,16,5,1,2,2,10,3,1,2, , , , , ,22,1,22
4010,1,1, , ,2,43,1,51,0, , , , , , , , , , , , , , , , , , , , ,13,1,13
4012,1,1,1,1,2,43,1,43,2,2,13,4,1,2,1,11,3,1,2, , , , , , , , , , ,15,1,15
4013,1,1,1,1,2,38,1,44,3,2,16,5,1,2,2,13,4,1,2,2,9,2,1,2, , , , , ,17,1,14
4014,1,1,1,1,2,43,1,43,2,2,9,3,1,2,1,6,2,1,2, , , , , , , , , , ,10,1,10
4016,1,1, , ,2,42,1,43,2,2,6,1,1,2,1,4,1,1,2, , , , , , , , , , ,7,1,7
4019,1,1, , ,2,43,1,43,2,1,21,6,1,2,2,18,6,1,2, , , , , , , , , , ,24,1,11
4021,1,1,1,1,2,38,1,37,3,1,11,3,1,2,2,8,2,1,2,2,3,1,1,2, , , , , ,10,1,4
4101,1,1,1,1,2,41,1,45,2,2,16,5,1,2,2,14,4,1,2, , , , , , , , , , ,19,1,35
4102,1,1,1,2,2,44,1,51,3,1,22,6,2,2,1,17,5,1,2,1,10,3,1,2, , , , , ,23,4,2
4104,1,1,1,1,2,40,1,43,2,1,12,4,1,2,2,10,3,1,2, , , , , , , , , , ,17,1,17
4105,1,1,1,2,2,42,1,47,3,1,18,6,1,2,2,15,5,1,2,2,9,3,1,2, , , , , ,20,3,37
4107,1,1, , ,2,40,1,47,1,1,19,6,1,2, , , , , , , , , , , , , , , ,19,4,40
4108,1,1,1,1,2,43,1,45,1,1,13,4,1,2, , , , , , , , , , , , , , , ,14,1,40
4110,1,1, , ,2,36,1,30,1,2,2,1,1,2, , , , , , , , , , , , , , , ,5,1,4
4113,1,1, , ,2,44,1,43,9, , , , , , , , , , , , , , , , , , , , ,14,4,4
4116,1,1,1,1,2,39,1,39,2,2,10,3,1,2,1,8,2,1,2, , , , , , , , , , ,11,1,18
4118,1,1, , ,2,39,1,34,2,2,5,1,1,2,2,3,1,1,2, , , , , , , , , , ,11,1,5
4119,1,1,1,1,2,40,1,40,3,1,10,3,1,2,2,8,2,1,2,1,4,1,1,2, , , , , ,12,1,35
4122,1,1,1,1,2,42,1,37,1,2,13,4,1,2, , , , , , , , , , , , , , , ,13,4,13
4203,1,1,1,1,2,43,1,46,3,1,16,5,1,2,2,14,4,1,2,1,10,3,1,2, , , , , ,18,3,12
4205,1,1, , ,2,35,1,40,2,1,4,1,1,2,1,0,1,1,2, , , , , , , , , , ,8,4,8
4206,1,1,1,1,2,42,1,29,3,2,14,4,1,2,1,8,2,1,2,2,7,2,1,2, , , , , ,11,4,11
4208,1,1, , ,2,40,1,46,0, , , , , , , , , , , , , , , , , , , , ,16,1,16
4209,1,1,1,1,2,38,1,40,3,1,10,3,1,2,1,8,2,1,2,1,5,1,1,2, , , , , ,12,4,12
4211,1,1,1,1,2,41,1,48,2,1,18,5,1,2,2,14,4,1,2, , , , , , , , , , ,22,4,6
4215,1,1,1,1,2,44,1,52,1,2,17,5,1,2, , , , , , , , , , , , , , , ,19,1,19
4301,1,1, , ,2,43,1,46,0, , , , , , , , , , , , , , , , , , , , ,16,1,19
4304,1,1, , ,2,38,1,45,2,2,6,2,1,2,1,2,1,1,2, , , , , , , , , , ,7,1,7
4305,1,1, , ,2,37,1,39,2,2,9,2,1,2,1,5,1,1,2, , , , , , , , , , ,11,1,3
4306,1,1,1,1,2,40,1,40,2,1,13,4,1,2,2,10,3,1,2, , , , , , , , , , ,15,1,15
4307,1,1, , ,2,35,1,36,2,2,4,1,1,2,1,0,1,1,2, , , , , , , , , , ,5,1,1
4308,1,1, , ,2,36,1,38,0, , , , , , , , , , , , , , , , , , , , ,1,4,1
4315,1,1,1,1,2,41,1,42,3,2,9,3,1,2,2,5,1,1,2,1,4,1,1,2, , , , , ,14,2,41
4319,1,1,1,1,2,43,1,49,3,2,18,5,1,2,2,16,5,1,2,2,15,4,1,2, , , , , ,18,1,18
4405,1,1,1,1,2,35,1,40,3,2,14,4,1,2,2,10,3,1,2,2,7,2,1,2, , , , , ,15,1,15
4413,1,1,1,1,2,38,1,49,2,1,16,5,1,2,2,12,3,1,2, , , , , , , , , , ,18,4,12
4418,1,1,1,1,2,36,1,37,2,2,11,3,1,2,1,8,2,1,2, , , , , , , , , , ,12,1,15
4420,1,1, , ,2,39,1,45,1,2,3,1,1,2, , , , , , , , , , , , , , , ,12,4,39
4505,1,1,1,1,2,42,1,43,2,2,13,4,1,2,2,10,3,1,2, , , , , , , , , , ,14,4,8
4506,1,1, , ,2,41,1,48,2,2,7,2,1,2,1,3,1,1,2, , , , , , , , , , ,10,1,2
4507,1,1,1,1,2,41,1,48,2,1,14,4,1,2,1,10,3,1,2, , , , , , , , , , ,21,1,48
4508,1,1,1,1,2,38,1,38,2,2,12,4,1,2,2,11,3,1,2, , , , , , , , , , ,14,1,10
4511,1,1, , ,2,35,1,38,2,2,6,2,1,2,2,5,1,1,2, , , , , , , , , , ,8,4,8
4512,1,1, , ,2,43,1,40,2,1,8,2,1,2,2,6,1,1,2, , , , , , , , , , ,11,4,2
4513,1,1, , ,2,35,1,46,2,1,5,1,1,2,2,1,1,1,2, , , , , , , , , , ,6,1,6
4515,1,1,1,1,2,42,1,46,2,1,14,4,1,2,1,11,3,1,2, , , , , , , , , , ,17,1,17
4517,1,1,1,1,2,36,1,40,1,1,12,4,1,2, , , , , , , , , , , , , , , ,13,2,10
4520,1,1,1,1,2,38,1,50,1,2,11,3,1,2, , , , , , , , , , , , , , , ,13,4,8
4606,1,1,1,1,2,39,1,40,2,2,12,4,1,2,2,8,2,1,2, , , , , , , , , , ,13,3,13
4607,1,1, , ,2,35,1,40,2,2,5,1,1,2,1,2,1,1,2, , , , , , , , , , ,6,1,15
4610,1,1,1,1,2,43,1,44,2,2,12,4,1,2,2,9,2,1,2, , , , , , , , , , ,14,1,35
4611,1,1, , ,2,39,1,41,1,1,7,2,1,2, , , , , , , , , , , , , , , ,13,1,39
4615,1,1,1,1,2,43,1,52,2,2,16,5,1,2,1,13,4,1,2, , , , , , , , , , ,18,1,18
4617,1,1,1,1,2,42,1,40,3,2,12,4,1,2,2,10,3,1,2,1,8,2,1,2, , , , , ,17,3,17
4701,1,1,1,1,2,35,1,37,1,2,14,4,1,2, , , , , , , , , , , , , , , ,10,4,10
4703,1,1,1,1,2,43,1,46,2,2,14,4,1,2,2,9,3,1,2, , , , , , , , , , ,15,3,21
4705,1,1,1,1,2,36,1,40,2,1,10,3,1,2,2,3,1,1,2, , , , , , , , , , ,12,1,12
4707,1,1,1,1,2,38,1,39,2,1,11,3,1,2,2,8,2,1,2, , , , , , , , , , ,13,1,10
4708,1,1,1,2,2,43,1,48,3,1,24,6,2,1,2,17,5,1,2,2,15,5,1,2, , , , , ,25,1,19
4711,1,1,1,1,2,37,1,38,2,2,10,3,1,2,2,9,2,1,2, , , , , , , , , , ,12,1,37
4714,1,1, , ,2,37,1,42,2,2,8,2,1,2,2,5,1,1,2, , , , , , , , , , ,10,3,1
4715,1,1,1,1,2,36,1,36,2,2,11,3,1,2,2,7,2,1,2, , , , , , , , , , ,13,4,13
4717,1,1,1,2,2,44,1,44,3,2,18,6,1,2,1,14,4,1,2,2,13,4,1,2, , , , , ,19,1,44
4719,1,1,1,1,2,39,1,40,3,2,13,4,1,2,1,11,3,1,2,1,6,2,1,2, , , , , ,14,1,22
4721,1,1, , ,2,35,1,33,1,1,0,1,1,2, , , , , , , , , , , , , , , ,3,1,3
4722,1,1, , ,2,37,1,36,1,1,4,1,1,2, , , , , , , , , , , , , , , ,8,1,6
4801,1,1,1,1,2,38,1,42,3,2,12,3,1,2,2,9,3,1,2,2,5,1,1,2, , , , , ,13,4,6
4803,1,1, , ,2,36,1,38,2,2,7,2,1,2,2,4,1,1,2, , , , , , , , , , ,12,2,36
4805,1,1,1,2,2,44,1,49,2,1,19,6,2,2,1,12,4,1,2, , , , , , , , , , ,22,2,18
4806,1,1,1,1,2,39,1,41,2,1,13,4,1,2,1,11,3,1,2, , , , , , , , , , ,14,2,11
4809,1,1, , ,2,43,1,43,0, , , , , , , , , , , , , , , , , , , , ,18,2,30
4813,1,1,1,1,2,42,1,43,2,1,12,4,1,2,1,7,2,1,2, , , , , , , , , , ,16,2,20
4814,1,1, , ,2,40,1,49,1,2,19,6,1,2, , , , , , , , , , , , , , , ,20,2,15
4816,1,1, , ,2,36,1,37,2,1,7,2,1,2,2,4,1,1,2, , , , , , , , , , ,10,1,4
4817,1,1,1,3,2,43,1,43,3,2,23,6,1,2,1,20,6,1,2,2,15,5,1,2, , , , , ,24,1,43
4819,1,1, , ,2,38,1,35,2,2,4,1,1,2,1,1,1,1,2, , , , , , , , , , ,5,4,1
4901,1,1, , ,2,41,1,44,1,2,3,1,1,2, , , , , , , , , , , , , , , ,17,1,5
4903,1,1,1,1,2,42,1,43,2,1,12,4,1,2,1,8,2,1,2, , , , , , , , , , ,16,1,16
4904,1,1,1,1,2,44,1,43,4,2,16,5,1,2,1,14,4,1,2,2,13,4,1,2,2,10,3,1,2,18,4,5
4909,1,1,1,2,2,44,1,51,2,1,18,6,2,2,2,17,5,1,2, , , , , , , , , , ,26,3,0
4911,1,1, , ,2,35,1,34,0, , , , , , , , , , , , , , , , , , , , ,11,3,2
4912,1,1, , ,2,38,1,38,1,2,5,1,1,2, , , , , , , , , , , , , , , ,6,4,6
4914,1,1,1,1,2,41,1,47,2,1,10,3,1,2,2,3,1,1,2, , , , , , , , , , ,12,3,7
4918,1,1, , ,2,36,1,41,0, , , , , , , , , , , , , , , , , , , , ,6,4,6
4919,1,1, , ,2,35,1,35,1,1,2,1,1,2, , , , , , , , , , , , , , , ,4,3,1
4920,1,1,1,1,2,43,1,48,2,2,17,5,1,2,2,12,3,1,2, , , , , , , , , , ,18,1,3
5001,1,1, , ,2,37,1,40,0, , , , , , , , , , , , , , , , , , , , ,8,4,8
5002,1,1,1,1,2,41,1,42,1,1,13,4,1,2, , , , , , , , , , , , , , , ,16,1,10
5003,1,1,1,1,2,42,1,44,2,2,14,4,1,2,2,9,3,1,2, , , , , , , , , , ,15,3,15
5007,1,1,1,1,2,41,1,48,1,2,16,5,1,2, , , , , , , , , , , , , , , ,18,2,1
5014,1,1, , ,2,41,1,43,3,2,8,2,1,2,2,6,1,1,2,2,3,1,1,2, , , , , ,9,1,5
5015,1,1, , ,2,35,1,38,2,2,8,2,1,2,1,6,1,1,2, , , , , , , , , , ,11,3,1
5016,1,1,1,1,2,38,1,42,3,1,12,4,1,2,1,10,3,1,2,1,5,1,1,2, , , , , ,14,4,0
5018,1,1,1,1,2,40,1,45,2,1,16,5,1,2,2,12,3,1,2, , , , , , , , , , ,17,3,0
5020,1,1, , ,2,35,1,41,2,2,6,2,1,2,1,2,1,1,2, , , , , , , , , , ,9,2,5
5101,1,1,1,1,2,36,1,41,4,1,13,4,1,2,1,11,3,1,2,1,6,2,1,2,2,5,1,1,2,13,4,2
5102,1,1,1,1,2,36,1,35,2,1,15,4,1,2,2,12,3,1,2, , , , , , , , , , ,16,4,2
5104,1,1, , ,2,37,1,39,0, , , , , , , , , , , , , , , , , , , , ,14,1,2
5106,1,1, , ,2,35,1,33,0, , , , , , , , , , , , , , , , , , , , ,5,4,2
5107,1,1, , ,2,35,1,34,1,2,0,1,1,2, , , , , , , , , , , , , , , ,6,4,2
5109,1,1,1,1,2,40,1,41,3,1,13,4,1,2,2,11,3,1,2,2,6,1,1,2, , , , , ,16,1,10
5110,1,1, , ,2,35,1,37,2,2,7,2,1,2,2,3,1,1,2, , , , , , , , , , ,9,4,4
5111,1,1,1,1,2,38,1,43,2,2,11,3,1,2,1,3,1,1,2, , , , , , , , , , ,15,1,5
5116,1,1, , ,2,40,1,45,0, , , , , , , , , , , , , , , , , , , , ,6,4,6
5117,1,1, , ,2,44,1,45,1,2,22,6,2,2, , , , , , , , , , , , , , , ,24,4,20
5118,1,1,1,1,2,42,1,49,1,2,16,5,1,2, , , , , , , , , , , , , , , ,18,1,17
5119,1,1,1,1,2,41,1,53,2,1,13,4,1,2,1,9,2,1,2, , , , , , , , , , ,15,1,15
5120,1,1,1,1,2,41,1,41,2,2,15,5,1,2,2,6,2,1,2, , , , , , , , , , ,17,4,11
5121,1,1, , ,2,36,1,39,2,2,9,2,1,2,1,6,2,1,2, , , , , , , , , , ,10,4,10
5203,1,1,1,1,2,37,1,40,2,2,11,3,1,2,1,8,2,1,2, , , , , , , , , , ,13,1,9
5206,1,1,1,1,2,44,1,47,4,2,18,5,1,2,2,16,5,1,2,1,12,3,1,2,1,8,2,1,2,20,3,2
5209,1,1, , ,2,36,1,37,1,1,7,2,1,2, , , , , , , , , , , , , , , ,10,1,8
5211,1,1, , ,2,40,1,39,1,9,2,1,1,2, , , , , , , , , , , , , , , ,5,4,15
5212,1,1, , ,2,41,1,42,0, , , , , , , , , , , , , , , , , , , , ,6,4,18
5214,1,1, , ,2,37,1,38,2,1,9,2,1,2,1,6,2,1,2, , , , , , , , , , ,11,4,2
5215,1,1, , ,2,35,1,35,0, , , , , , , , , , , , , , , , , , , , ,3,4,3
5216,1,1, , ,2,36,1,40,0, , , , , , , , , , , , , , , , , , , , ,7,1,7
5218,1,1,1,1,2,39,1,38,3,2,10,3,1,2,1,8,2,1,2,2,4,1,1,2, , , , , ,13,1,1
5301,1,1, , ,2,43,1,46,0, , , , , , , , , , , , , , , , , , , , ,15,1,15
5302,1,1,1,1,2,43,1,44,2,2,14,4,1,2,1,12,3,1,2, , , , , , , , , , ,20,1,20
5303,1,1,1,1,2,37,1,47,2,2,11,3,1,2,1,5,1,1,2, , , , , , , , , , ,14,1,10
5304,1,1,1,1,2,40,1,48,1,1,11,3,1,2, , , , , , , , , , , , , , , ,13,1,13
5305,1,1,1,1,2,44,1,47,2,1,13,4,1,2,2,9,3,1,2, , , , , , , , , , ,15,1,14
5310,1,1,1,1,2,43,1,48,2,1,12,4,1,2,1,10,3,1,2, , , , , , , , , , ,16,1,8
5313,1,1, , ,2,40,1,41,1,1,4,1,1,2, , , , , , , , , , , , , , , ,11,1,6
5314,1,1, , ,2,36,1,39,0, , , , , , , , , , , , , , , , , , , , ,13,4,12
5317,1,1, , ,2,36,1,38,0, , , , , , , , , , , , , , , , , , , , ,15,2,4
5406,1,1,1,1,2,43,1,52,2,2,13,4,1,2,1,9,2,1,2, , , , , , , , , , ,16,1,5
5409,1,1,1,1,2,44,1,48,2,1,16,5,1,2,1,11,3,1,2, , , , , , , , , , ,21,3,3
5410,1,1,1,1,2,42,1,45,1,2,11,3,1,2, , , , , , , , , , , , , , , ,12,1,11
5415,1,1,1,1,2,38,1,41,3,1,12,3,1,2,2,8,2,1,2,2,7,2,1,2, , , , , ,13,1,12
5502,1,1, , ,2,35,1,36,2,1,5,1,1,2,2,3,1,1,2, , , , , , , , , , ,6,4,1
5503,1,1,1,2,2,41,1,45,3,1,21,6,1,2,2,16,5,1,2,2,14,4,1,2, , , , , ,22,4,15
5505,1,1, , ,2,42,1,42,1,1,7,2,1,2, , , , , , , , , , , , , , , ,18,4,18
5509,1,1, , ,2,35,1,36,1,2,0,1,1,2, , , , , , , , , , , , , , , ,1,4,1
5510,1,1,1,1,2,44,1,44,2,2,14,4,1,2,2,11,3,1,2, , , , , , , , , , ,16,4,5
5511,1,1,1,1,2,38,1,42,3,2,12,4,1,2,1,9,3,1,2,1,6,1,1,2, , , , , ,15,1,5
5516,1,1,1,1,2,40,1,43,2,2,14,4,1,2,2,11,3,1,2, , , , , , , , , , ,17,1,10
5517,1,1,1,1,2,36,1,36,2,2,10,3,1,2,1,6,1,1,2, , , , , , , , , , ,11,1,3
5518,1,1,1,1,2,44,1,42,3,2,12,3,1,2,1,9,3,1,2,1,6,2,1,2, , , , , ,13,3,13
5520,1,1, , ,2,36,1,39,2,1,5,1,1,2,1,3,1,1,2, , , , , , , , , , ,5,4,5
5522,1,1, , ,2,35,1,28,0, , , , , , , , , , , , , , , , , , , , ,1,4,0
5601,1,1,1,1,2,38,1,43,2,2,10,3,1,2,2,6,1,1,2, , , , , , , , , , ,11,4,3
5602,1,1,1,1,2,42,1,35,3,1,16,5,1,2,2,8,2,1,2,1,5,1,1,2, , , , , ,8,4,8
5606,1,1,1,1,2,39,1,39,2,1,10,3,1,2,1,7,2,1,2, , , , , , , , , , ,13,1,7
5607,1,1, , ,2,36,1,40,1,1,4,1,1,2, , , , , , , , , , , , , , , ,8,4,8
5608,1,1, , ,2,36,1,38,2,1,6,1,1,2,2,4,1,1,2, , , , , , , , , , ,10,1,4
5609,1,1,1,1,2,40,1,46,1,2,15,5,1,2, , , , , , , , , , , , , , , ,18,2,18
5610,1,1,1,1,2,41,1,42,2,2,10,3,1,2,2,4,1,1,2, , , , , , , , , , ,11,2,5
5612,1,1,1,1,2,36,1,41,1,2,13,4,1,2, , , , , , , , , , , , , , , ,15,4,1
5618,1,1, , ,2,37,1,38,0, , , , , , , , , , , , , , , , , , , , ,11,4,10
5619,1,1,1,1,2,39,1,46,2,2,10,3,1,2,1,8,2,1,2, , , , , , , , , , ,12,2,2
5701,1,1, , ,2,36,1,39,1,1,1,1,1,2, , , , , , , , , , , , , , , ,4,4,4
5702,1,1,1,1,2,36,1,39,2,2,11,3,1,2,2,5,1,1,2, , , , , , , , , , ,14,4,2
5703,1,1,1,1,2,37,1,39,3,1,13,4,1,2,2,9,2,1,2,1,4,1,1,2, , , , , ,15,1,15
5705,1,1,1,1,2,36,1,38,2,2,12,4,1,2,1,8,2,1,2, , , , , , , , , , ,13,1,7
5709,1,1,1,1,2,40,1,44,3,2,10,3,1,2,2,8,2,1,2,1,4,1,1,2, , , , , ,15,4,4
5710,1,1, , ,2,35,1,34,2,1,6,1,1,2,1,2,1,1,2, , , , , , , , , , ,7,4,5
5711,1,1, , ,2,37,1,39,2,2,6,1,1,2,2,5,1,1,2, , , , , , , , , , ,8,4,3
5713,1,1, , ,2,35,1,35,0, , , , , , , , , , , , , , , , , , , , ,10,4,10
5715,1,1, , ,2,35,1,34,1,2,3,1,1,2, , , , , , , , , , , , , , , ,8,4,8
5716,1,1, , ,2,40,1,51,3,2,7,2,1,2,2,6,1,1,2,1,1,1,1,2, , , , , ,8,4,5
5718,1,1,1,1,2,38,1,38,2,2,14,4,1,2,2,11,3,1,2, , , , , , , , , , ,15,4,1
5719,1,1,1,2,2,43,1,43,3,2,18,6,1,2,2,13,4,1,2,2,10,3,1,2, , , , , ,19,2,3
5720,1,1,1,1,2,38,1,38,2,1,9,3,1,2,1,6,2,1,2, , , , , , , , , , ,11,2,5
5806,1,1,1,1,2,36,1,39,2,2,10,3,1,2,2,8,2,1,2, , , , , , , , , , ,11,3,1
5807,1,1, , ,2,37,1,39,2,1,7,2,1,2,1,5,1,1,2, , , , , , , , , , ,9,3,1
5810,1,1, , ,2,38,1,41,2,2,4,1,1,2,2,1,1,1,2, , , , , , , , , , ,6,1,4
5813,1,1,1,2,2,41,1,42,2,2,18,6,1,2,1,16,5,1,2, , , , , , , , , , ,19,4,23
5818,1,1,1,1,2,42,1,46,2,2,15,4,1,2,2,13,4,1,2, , , , , , , , , , ,19,1,4
5820,1,1,1,1,2,35,1,34,2,1,15,5,1,2,1,14,4,1,2, , , , , , , , , , ,4,1,3
5901,1,1, , ,2,36,1,37,0, , , , , , , , , , , , , , , , , , , , ,2,4,2
5903,1,1,1,1,2,38,1,38,2,2,11,3,1,2,1,10,3,1,2, , , , , , , , , , ,999,1,38
5904,1,1,1,1,2,37,1,42,1,2,11,3,1,2, , , , , , , , , , , , , , , ,15,1,30
5905,1,1,1,1,2,43,1,44,3,2,14,4,1,2,1,13,4,1,2,2,12,3,1,2, , , , , ,16,1,0
5907,1,1,1,1,2,41,1,46,2,2,13,4,1,2,2,6,2,1,2, , , , , , , , , , ,15,1,6
5912,1,1,1,1,2,41,1,47,1,1,16,5,1,2, , , , , , , , , , , , , , , ,18,1,20
5913,1,1, , ,2,42,1,44,1,1,3,1,1,2, , , , , , , , , , , , , , , ,10,4,9
5914,1,1,1,1,2,42,1,47,2,2,10,3,1,2,2,5,1,1,2, , , , , , , , , , ,11,4,38
5916,1,1,1,2,2,44,1,50,2,2,21,6,1,2,1,15,5,1,2, , , , , , , , , , ,22,4,22
5917,1,1, , ,2,37,1,39,2,2,7,2,1,2,1,4,1,1,2, , , , , , , , , , ,11,1,4
5920,1,1,1,1,2,43,1,46,4,1,15,4,1,2,1,13,4,1,2,2,11,3,1,2,2,3,1,1,2,20,1,15
6001,1,1, , ,2,40,1,45,0, , , , , , , , , , , , , , , , , , , , ,16,1,5
6004,1,1, , ,2,44,1,46,0, , , , , , , , , , , , , , , , , , , , ,19,2,44
6005,1,1,1,1,2,39,1,46,3,2,15,4,1,2,2,12,4,1,2,1,10,3,1,2, , , , , ,16,1,37
6006,1,1,1,1,2,40,1,45,2,1,11,3,1,2,1,4,1,1,2, , , , , , , , , , ,16,3,35
6007,1,1,1,1,2,39,1,41,1,2,13,4,1,2, , , , , , , , , , , , , , , ,16,1,13
6008,1,1, , ,2,41,1,38,2,1,5,1,1,2,1,2,1,1,2, , , , , , , , , , ,11,1,0
6009,1,1,1,1,2,35,1,41,3,2,11,3,1,2,2,10,3,1,2,2,0,1,1,2, , , , , ,13,4,13
6010,1,1, , ,2,35,1,37,0, , , , , , , , , , , , , , , , , , , , ,10,4,10
6012,1,1, , ,2,38,1,41,1,2,0,1,1,2, , , , , , , , , , , , , , , ,3,4,1
6013,1,1,1,1,2,41,1,43,2,1,16,5,1,2,1,14,4,1,2, , , , , , , , , , ,18,4,18
6014,1,1,1,3,2,44,1,50,3,1,21,6,1,2,1,18,6,1,2,1,16,5,1,2, , , , , ,21,3,6
6015,1,1,1,1,2,43,1,43,2,2,15,5,1,2,1,13,4,1,2, , , , , , , , , , ,16,1,16
6016,1,1,1,1,2,36,1,42,2,1,10,3,1,2,2,7,2,1,2, , , , , , , , , , ,12,1,8
6017,1,1,1,3,2,41,1,43,3,1,18,6,1,2,2,17,6,1,2,1,10,3,1,2, , , , , ,19,1,15
6020,1,1,1,1,2,43,1,47,1,2,13,4,1,2, , , , , , , , , , , , , , , ,20,1,15
6022,1,1,1,1,2,42,1,46,3,1,9,3,1,2,2,6,1,1,2,1,3,1,1,2, , , , , ,14,2,14
6101,1,1,1,1,2,38,1,44,3,2,10,3,1,2,1,9,3,1,2,1,6,2,1,2, , , , , ,11,1,11
6102,1,1, , ,2,35,1,36,2,1,7,2,1,2,1,3,1,1,2, , , , , , , , , , ,8,1,4
6104,1,1,1,1,2,42,1,40,2,2,12,4,1,2,2,9,3,1,2, , , , , , , , , , ,15,4,15
6106,1,1,1,1,2,43,1,44,2,1,16,5,1,2,2,14,4,1,2, , , , , , , , , , ,17,3,17
6107,1,1, , ,2,36,1,37,1,1,7,2,1,2, , , , , , , , , , , , , , , ,12,4,9
6108,1,1,1,1,2,43,1,43,3,1,15,4,1,2,1,11,3,1,2,1,8,2,1,2, , , , , ,16,3,43
6109,1,1, , ,2,37,1,32,2,1,5,1,1,2,1,3,1,1,2, , , , , , , , , , ,6,1,0
6110,1,1, , ,2,35,1,41,2,1,8,2,1,2,2,4,1,1,2, , , , , , , , , , ,11,4,11
6113,1,1,1,1,2,44,1,47,1,1,17,5,1,2, , , , , , , , , , , , , , , ,21,3,25
6122,1,1, , ,2,37,1,36,2,1,5,1,1,2,1,0,1,1,2, , , , , , , , , , ,9,4,5
6202,1,1, , ,2,38,1,38,2,1,4,1,1,2,2,1,1,1,2, , , , , , , , , , ,12,4,11
6203,1,1, , ,2,36,1,38,2,1,9,2,1,2,2,4,1,1,2, , , , , , , , , , ,10,4,10
6204,1,1, , ,2,36,1,35,0, , , , , , , , , , , , , , , , , , , , ,12,4,3
6205,1,1,1,1,2,39,1,39,2,1,13,4,1,2,2,11,3,1,2, , , , , , , , , , ,15,4,12
6206,1,1, , ,2,35,1,32,1,2,1,1,1,2, , , , , , , , , , , , , , , ,3,4,3
6207,1,1,1,1,2,37,1,37,2,1,13,4,1,2,1,7,2,1,2, , , , , , , , , , ,14,1,12
6211,1,1,1,1,2,38,1,41,3,1,13,4,1,2,2,12,3,1,2,1,8,2,1,2, , , , , ,18,1,15
6215,1,1,1,1,2,37,1,42,3,1,11,3,1,2,2,10,3,1,2,1,8,2,1,2, , , , , ,15,1,13
6216,1,1, , ,2,36,1,37,2,1,5,1,1,2,2,3,1,1,2, , , , , , , , , , ,9,4,9
6219,1,1, , ,2,37,1,43,0, , , , , , , , , , , , , , , , , , , , ,10,4,5
6220,1,1, , ,2,35,1,30,2,1,4,1,1,2,1,0,1,1,2, , , , , , , , , , ,6,4,6
6302,1,1,1,1,2,44,1,48,3,2,13,4,1,2,2,9,2,1,2,1,5,1,1,2, , , , , ,16,1,0
6303,1,1,1,1,2,39,1,39,2,2,10,3,1,2,2,4,1,1,2, , , , , , , , , , ,12,3,4
6304,1,1, , ,2,36,1,34,2,1,6,1,1,2,1,4,1,1,2, , , , , , , , , , ,7,1,1
6307,1,1,1,1,2,42,1,42,2,1,16,5,1,2,2,13,4,1,2, , , , , , , , , , ,18,1,13
6308,1,1, , ,2,37,1,41,2,2,8,2,1,2,1,6,2,1,2, , , , , , , , , , ,11,1,7
6309,1,1,1,1,2,42,1,47,2,1,16,5,1,2,2,12,4,1,2, , , , , , , , , , ,17,1,16
6310,1,1,1,1,2,41,1,48,2,1,17,5,1,2,1,15,5,1,2, , , , , , , , , , ,19,1,6
6314,1,1,1,1,2,38,1,40,2,2,9,3,1,2,2,5,1,1,2, , , , , , , , , , ,11,1,5
6316,1,1, , ,2,35,1,40,2,1,7,2,1,2,1,4,1,1,2, , , , , , , , , , ,9,4,0
6320,1,1, , ,2,39,1,45,9, , , , , , , , , , , , , , , , , , , , ,999,4,1
6402,1,1, , ,2,37,1,34,2,2,8,2,1,2,2,4,1,1,2, , , , , , , , , , ,9,4,9
6405,1,1,1,1,2,38,1,47,1,1,10,3,1,2, , , , , , , , , , , , , , , ,12,4,7
6406,1,1, , ,2,35,1,39,3,2,5,1,1,2,1,3,1,1,2,2,1,1,1,2, , , , , ,7,4,7
6407,1,1,1,1,2,40,1,44,2,2,13,4,1,2,1,10,3,1,2, , , , , , , , , , ,15,1,7
6409,1,1,1,1,2,39,1,41,2,1,13,4,1,2,2,11,3,1,2, , , , , , , , , , ,15,3,1
6410,1,1,1,1,2,43,1,48,2,2,15,5,1,2,2,14,4,1,2, , , , , , , , , , ,17,1,17
6416,1,1, , ,2,35,1,37,0, , , , , , , , , , , , , , , , , , , , ,2,4,2
6417,1,1,1,1,2,39,1,41,2,2,10,3,1,2,2,5,1,1,2, , , , , , , , , , ,14,1,6
6418,1,1, , ,2,37,1,37,2,1,3,1,1,2,2,0,1,1,2, , , , , , , , , , ,5,1,25
6419,1,1,1,1,2,37,1,43,2,1,11,3,1,2,1,8,2,1,2, , , , , , , , , , ,14,1,4
6421,1,1,1,1,2,44,1,47,1,1,11,3,1,2, , , , , , , , , , , , , , , ,18,1,1
6502,1,1,1,1,2,41,1,46,2,1,12,4,1,2,1,9,2,1,2, , , , , , , , , , ,14,3,3
6504,1,1,1,2,2,42,1,39,3,2,18,6,1,2,2,16,5,1,2,2,14,4,1,2, , , , , ,19,1,1
6505,1,1,1,1,2,40,1,43,2,2,9,3,1,2,2,5,1,1,2, , , , , , , , , , ,10,2,5
6506,1,1, , ,2,40,1,42,0, , , , , , , , , , , , , , , , , , , , ,6,2,7
6507,1,1, , ,2,37,1,39,2,2,6,1,1,2,1,2,1,1,2, , , , , , , , , , ,8,4,1
6508,1,1,1,1,2,38,1,41,1,1,9,3,1,2, , , , , , , , , , , , , , , ,11,3,2
6509,1,1, , ,2,39,1,39,0, , , , , , , , , , , , , , , , , , , , ,0,4,0
6512,1,1, , ,2,38,1,35,0, , , , , , , , , , , , , , , , , , , , ,3,2,13
6515,1,1, , ,2,38,1,32,1,2,1,1,1,2, , , , , , , , , , , , , , , ,7,4,6
6516,1,1,1,1,2,40,1,44,1,2,11,3,1,2, , , , , , , , , , , , , , , ,14,2,5
6517,1,1, , ,2,39,1,39,2,2,5,1,1,2,2,2,1,1,2, , , , , , , , , , ,7,2,7
6520,1,1, , ,2,40,1,44,0, , , , , , , , , , , , , , , , , , , , ,10,4,10
6521,1,1,1,1,2,44,1,44,1,2,12,3,1,2, , , , , , , , , , , , , , , ,20,1,15
6522,1,1,1,1,2,35,1,44,1,1,10,3,1,2, , , , , , , , , , , , , , , ,12,1,12
6601,1,1, , ,2,36,1,32,0, , , , , , , , , , , , , , , , , , , , ,8,1,4
6603,1,1,1,1,2,40,1,46,2,2,9,3,1,2,1,6,2,1,2, , , , , , , , , , ,11,1,11
6604,1,1,1,1,2,35,1,35,3,1,10,3,1,2,1,8,2,1,2,1,6,1,1,2, , , , , ,11,4,35
6607,1,1, , ,2,37,1,37,2,1,8,2,1,2,1,2,1,1,2, , , , , , , , , , ,9,1,37
6617,1,1,1,1,2,39,1,39,3,1,11,3,1,2,1,9,3,1,2,1,7,2,1,2, , , , , ,14,1,24
6620,1,1,1,1,2,40,1,39,1,2,14,4,1,2, , , , , , , , , , , , , , , ,16,2,12
6701,1,1,1,1,2,44,1,43,2,2,15,4,1,2,1,9,2,1,2, , , , , , , , , , ,17,1,2
6703,1,1,1,1,2,39,1,42,2,2,12,4,1,2,1,10,3,1,2, , , , , , , , , , ,14,1,10
6706,1,1, , ,2,36,1,38,1,2,3,1,1,2, , , , , , , , , , , , , , , ,7,4,7
6708,1,1,1,1,2,39,1,41,2,2,11,3,1,2,1,8,2,1,2, , , , , , , , , , ,12,4,12
6709,1,1, , ,2,35,1,33,2,2,5,1,1,2,2,3,1,1,2, , , , , , , , , , ,10,1,35
6712,1,1, , ,2,41,1,47,0, , , , , , , , , , , , , , , , , , , , ,10,4,10
6805,1,1, , ,2,36,1,48,1,1,2,1,1,2, , , , , , , , , , , , , , , ,16,4,2
6806,1,1, , ,2,40,1,42,3,1,8,2,1,2,1,5,1,1,2,1,2,1,1,2, , , , , ,10,4,2
6808,1,1, , ,2,35,1,38,1,2,4,1,1,2, , , , , , , , , , , , , , , ,7,4,4
6809,1,1, , ,2,35,1,37,2,2,6,2,1,2,2,4,1,1,2, , , , , , , , , , ,8,4,5
6815,1,1, , ,2,35,1,35,1,1,1,1,1,2, , , , , , , , , , , , , , , ,11,2,6
6816,1,1,1,1,2,42,1,46,2,2,16,5,1,2,2,13,4,1,2, , , , , , , , , , ,18,1,11
6818,1,1,1,1,2,36,1,39,2,1,10,3,1,2,1,6,2,1,2, , , , , , , , , , ,10,4,10
6820,1,1, , ,2,36,1,38,1,1,5,1,1,2, , , , , , , , , , , , , , , ,7,4,6
6903,1,1,1,1,2,38,1,36,1,1,12,3,1,2, , , , , , , , , , , , , , , ,13,4,9
6907,1,1,1,1,2,41,1,42,2,2,14,4,1,2,1,10,3,1,2, , , , , , , , , , ,17,1,2
6913,1,1,1,1,2,42,1,42,2,1,13,4,1,2,1,10,3,1,2, , , , , , , , , , ,18,1,13
6914,1,1, , ,2,43,1,42,1,1,7,2,1,2, , , , , , , , , , , , , , , ,14,1,40
6915,1,1, , ,2,36,1,34,0, , , , , , , , , , , , , , , , , , , , ,0,4,0
6916,1,1, , ,2,38,1,36,0, , , , , , , , , , , , , , , , , , , , ,11,4,36
6917,1,1,1,1,2,41,1,47,2,2,11,3,1,2,2,8,2,1,2, , , , , , , , , , ,13,1,10
6920,1,1, , ,2,38,1,36,1,1,0,1,1,2, , , , , , , , , , , , , , , ,3,1,0
7004,1,1,1,1,2,40,1,43,2,1,12,3,1,2,1,10,3,1,2, , , , , , , , , , ,15,1,2
7005,1,1,1,1,2,39,1,40,3,2,12,4,1,2,2,10,3,1,2,1,6,2,1,2, , , , , ,16,1,2
7007,1,1, , ,2,35,1,36,2,2,4,1,1,2,1,0,1,1,2, , , , , , , , , , ,6,2,3
7009,1,1, , ,2,35,1,38,1,1,4,1,1,2, , , , , , , , , , , , , , , ,6,1,1
7015,1,1,1,1,2,41,1,46,2,1,12,4,1,2,1,7,2,1,2, , , , , , , , , , ,13,1,3
7018,1,1,1,1,2,43,1,43,4,1,14,4,1,2,1,12,4,1,2,1,10,3,1,2,2,4,1,1,2,15,4,1
7020,1,1,1,1,2,39,1,40,3,2,10,3,1,2,1,5,1,1,2,1,5,1,1,2, , , , , ,12,3,3
7101,1,1,1,1,2,39,1,42,2,1,15,5,1,2,2,6,2,1,2, , , , , , , , , , ,16,4,1
7102,1,1,1,1,2,40,1,39,3,2,13,4,1,2,1,11,3,1,2,2,5,1,1,2, , , , , ,13,4,4
7103,1,1, , ,2,37,1,38,0, , , , , , , , , , , , , , , , , , , , ,8,4,1
7105,1,1, , ,2,38,1,38,1,1,0,1,1,2, , , , , , , , , , , , , , , ,10,4,5
7107,1,1, , ,2,35,1,37,2,2,7,2,1,2,1,5,1,1,2, , , , , , , , , , ,9,4,1
7108,1,1,1,1,2,37,1,37,2,2,10,3,1,2,1,8,2,1,2, , , , , , , , , , ,11,4,1
7111,1,1, , ,2,35,1,53,2,2,5,1,1,2,1,1,1,1,2, , , , , , , , , , ,6,4,9
7112,1,1,1,1,2,37,1,44,2,1,13,4,1,2,1,9,3,1,2, , , , , , , , , , ,14,4,4
7113,1,1,1,1,2,43,1,48,3,2,17,5,1,2,1,15,4,1,2,2,13,4,1,2, , , , , ,22,1,17
7115,1,1, , ,2,35,1,39,2,2,8,2,1,2,1,4,1,1,2, , , , , , , , , , ,13,1,10
7116,1,1, , ,2,44,1,55,2,2,21,6,2,2,1,18,6,1,2, , , , , , , , , , ,22,1,21
7117,1,1,1,1,2,39,1,38,1,1,9,3,1,2, , , , , , , , , , , , , , , ,11,1,5
7118,1,1, , ,2,37,1,34,2,1,6,2,1,2,1,4,1,1,2, , , , , , , , , , ,11,4,11
7122,1,1, , ,2,36,1,34,2,2,5,1,1,2,2,2,1,1,2, , , , , , , , , , ,7,4,7
7202,1,1,1,2,2,44,1,47,2,1,19,6,1,2,2,17,5,1,2, , , , , , , , , , ,20,1,16
7203,1,1, , ,2,37,1,38,1,2,6,2,1,2, , , , , , , , , , , , , , , ,11,2,5
7205,1,1, , ,2,37,1,41,1,2,1,1,1,2, , , , , , , , , , , , , , , ,4,2,4
7208,1,1,1,1,2,41,1,38,2,2,15,5,1,2,1,11,3,1,2, , , , , , , , , , ,15,1,40
7209,1,1, , ,2,37,1,42,1,1,3,1,1,2, , , , , , , , , , , , , , , ,6,4,5
7210,1,1, , ,2,35,1,34,0, , , , , , , , , , , , , , , , , , , , ,11,4,11
7217,1,1, , ,2,36,1,36,3,2,7,2,1,2,1,5,1,1,2,1,1,1,1,2, , , , , ,7,1,5
7220,1,1, , ,2,39,1,47,1,2,2,1,1,2, , , , , , , , , , , , , , , ,3,4,3
7301,1,1, , ,2,38,1,39,1,1,9,2,1,2, , , , , , , , , , , , , , , ,10,4,10
7302,1,1,1,2,2,44,1,45,2,1,20,6,1,2,2,16,5,1,2, , , , , , , , , , ,22,1,21
7306,1,1,1,1,2,38,1,49,1,1,12,4,1,2, , , , , , , , , , , , , , , ,16,4,14
7308,1,1,1,1,2,40,1,48,1,1,17,5,1,2, , , , , , , , , , , , , , , ,19,1,19
7309,1,1,1,1,2,43,1,47,2,1,13,4,1,2,2,10,3,1,2, , , , , , , , , , ,17,1,8
7310,1,1,1,1,2,40,1,45,3,2,15,4,1,2,2,13,4,1,2,1,7,2,1,2, , , , , ,20,4,11
7311,1,1, , ,2,39,1,39,2,2,9,2,1,2,2,6,2,1,2, , , , , , , , , , ,12,4,12
7313,1,1,1,1,2,41,1,45,3,1,16,5,1,2,2,13,4,1,2,2,10,3,1,2, , , , , ,17,2,7
7315,1,1,1,1,2,41,1,41,2,2,10,3,1,2,1,7,2,1,2, , , , , , , , , , ,16,2,11
7320,1,1, , ,2,35,1,35,1,1,9,2,1,2, , , , , , , , , , , , , , , ,11,4,8
7403,1,1,1,3,2,44,1,56,3,1,20,6,1,2,1,18,6,1,2,2,15,5,1,2, , , , , ,21,1,21
7405,1,1,1,1,2,38,1,38,3,2,15,5,1,2,1,13,4,1,2,1,4,1,1,2, , , , , ,16,1,12
7406,1,1,1,1,2,41,1,50,3,2,15,5,1,2,1,13,4,1,2,2,12,3,1,2, , , , , ,17,9,13
7407,1,1, , ,2,35,1,40,2,1,5,1,1,2,1,2,1,1,2, , , , , , , , , , ,7,1,35
7408,1,1,1,1,2,39,1,44,2,2,10,3,1,2,2,7,2,1,2, , , , , , , , , , ,13,1,11
7409,1,1, , ,2,38,1,43,1,2,8,2,1,2, , , , , , , , , , , , , , , ,13,1,17
7410,1,1, , ,2,43,1,52,1,1,21,6,1,2, , , , , , , , , , , , , , , ,23,1,20
7411,1,1,1,1,2,43,1,48,2,1,16,5,1,2,2,12,4,1,2, , , , , , , , , , ,23,1,43
7416,1,1, , ,2,37,1,42,2,2,6,2,1,2,1,4,1,1,2, , , , , , , , , , ,8,1,8
7417,1,1,1,1,2,37,1,40,3,1,11,3,1,2,2,7,2,1,2,2,5,1,1,2, , , , , ,15,1,15
7419,1,1,1,1,2,35,1,44,2,1,11,3,1,2,1,9,3,1,2, , , , , , , , , , ,11,4,11
7421,1,1,1,1,2,36,1,36,1,1,9,3,1,2, , , , , , , , , , , , , , , ,15,9,28
7422,1,1,1,1,2,44,1,45,2,1,14,4,1,2,1,10,3,1,2, , , , , , , , , , ,23,1,10
7501,1,1,1,1,2,39,1,39,3,2,10,3,1,2,2,8,2,1,2,1,4,1,1,2, , , , , ,14,1,7
7502,1,1,1,1,2,42,1,48,3,2,16,5,1,2,1,14,4,1,2,1,11,3,1,2, , , , , ,18,1,42
7505,1,1, , ,2,39,1,49,1,1,3,1,1,2, , , , , , , , , , , , , , , ,5,3,20
7506,1,1,1,1,2,40,1,40,2,1,12,3,1,2,2,5,1,1,2, , , , , , , , , , ,13,1,11
7507,1,1, , ,2,35,1,36,3,2,5,1,1,2,1,4,1,1,2,2,1,1,1,2, , , , , ,8,1,5
7508,1,1, , ,2,37,1,38,1,2,1,1,1,2, , , , , , , , , , , , , , , ,2,4,2
7510,1,1,1,1,2,38,1,40,3,1,13,4,1,2,1,10,3,1,2,1,8,2,1,2, , , , , ,15,1,6
7511,1,1, , ,2,42,1,44,3,1,21,6,1,2,2,19,6,1,2,1,8,2,1,2, , , , , ,21,4,20
7512,1,1, , ,2,43,1,40,1,2,7,2,1,2, , , , , , , , , , , , , , , ,9,4,6
7514,1,1,1,1,2,40,1,40,2,1,9,3,1,2,2,8,2,1,2, , , , , , , , , , ,11,4,9
7516,1,1,1,1,2,38,1,40,2,2,10,3,1,2,1,7,2,1,2, , , , , , , , , , ,15,2,8
7517,1,1,1,1,2,40,1,40,2,2,11,3,1,2,1,9,3,1,2, , , , , , , , , , ,16,2,10
7601,1,1,1,1,2,42,1,47,3,1,17,5,1,2,1,15,5,1,2,1,11,3,1,2, , , , , ,19,1,19
7602,1,1,1,1,2,43,1,48,2,1,17,5,1,2,1,14,4,1,2, , , , , , , , , , ,20,1,12
7605,1,1,1,1,2,35,1,41,2,2,9,3,1,2,1,5,1,1,2, , , , , , , , , , ,13,1,8
7606,1,1,1,1,2,36,1,40,2,2,11,3,1,2,1,9,2,1,2, , , , , , , , , , ,14,1,10
7610,1,1,1,1,2,44,1,49,2,2,16,5,1,2,2,14,4,1,2, , , , , , , , , , ,22,4,7
7612,1,1, , ,2,38,1,37,2,1,7,2,1,2,1,4,1,1,2, , , , , , , , , , ,10,4,7
7615,1,1,1,1,2,44,1,44,1,2,11,3,1,2, , , , , , , , , , , , , , , ,11,4,4
7620,1,1, , ,2,40,1,34,2,2,9,2,1,2,2,5,1,1,2, , , , , , , , , , ,10,1,4
7701,1,1, , ,2,37,1,37,0, , , , , , , , , , , , , , , , , , , , ,8,4,36
7702,1,1,1,1,2,35,1,38,2,1,12,3,1,2,1,9,3,1,2, , , , , , , , , , ,13,1,2
7703,1,1,1,1,2,43,1,47,2,1,17,5,1,2,2,16,5,1,2, , , , , , , , , , ,20,4,9
7704,1,1,1,1,2,40,1,37,2,1,14,4,1,2,2,11,3,1,2, , , , , , , , , , ,4,4,11
7708,1,1,1,1,2,37,1,51,2,1,14,4,1,2,2,12,3,1,2, , , , , , , , , , ,15,1,15
7710,1,1,1,1,2,40,1,35,1,1,15,5,1,2, , , , , , , , , , , , , , , ,16,2,9
7714,1,1,1,1,2,39,1,40,3,1,16,5,1,2,1,14,4,1,2,2,11,3,1,2, , , , , ,17,4,9
7715,1,1, , ,2,40,1,39,2,2,4,1,1,2,1,3,1,1,2, , , , , , , , , , ,6,4,7
7716,1,1, , ,2,42,1,49,2,1,20,6,2,2,1,17,6,1,2, , , , , , , , , , ,20,4,20
7718,1,1,1,1,2,39,1,43,2,1,14,4,1,2,2,12,4,1,2, , , , , , , , , , ,15,4,4
7801,1,1, , ,2,37,1,39,0, , , , , , , , , , , , , , , , , , , , ,2,4,2
7802,1,1, , ,2,36,1,44,1,2,3,1,1,2, , , , , , , , , , , , , , , ,6,4,4
7808,1,1,1,1,2,44,1,44,2,2,17,5,1,2,1,14,4,1,2, , , , , , , , , , ,20,1,20
7809,1,1, , ,2,40,1,47,0, , , , , , , , , , , , , , , , , , , , ,10,4,4
7810,1,1, , ,2,35,1,38,2,1,4,1,1,2,2,3,1,1,2, , , , , , , , , , ,5,4,5
7812,1,1, , ,2,35,1,36,2,2,4,1,1,2,1,0,1,1,2, , , , , , , , , , ,6,4,2
7814,1,1,1,1,2,38,1,40,2,2,13,4,1,2,1,11,3,1,2, , , , , , , , , , ,14,1,8
7818,1,1, , ,2,37,1,36,2,2,8,2,1,2,1,6,2,1,2, , , , , , , , , , ,10,4,4
7819,1,1, , ,2,36,1,29,0, , , , , , , , , , , , , , , , , , , , ,2,4,2
7820,1,1,1,1,2,41,1,39,1,1,11,3,1,2, , , , , , , , , , , , , , , ,12,1,12
7822,1,1, , ,2,40,1,45,2,1,5,1,1,2,1,0,1,1,2, , , , , , , , , , ,7,4,7
7901,1,1,1,1,2,42,1,47,1,1,16,5,1,2, , , , , , , , , , , , , , , ,18,1,10
7903,1,1,1,1,2,35,1,36,2,2,10,3,1,2,1,6,1,1,2, , , , , , , , , , ,10,1,2
7904,1,1,1,1,2,38,1,45,3,2,14,4,1,2,2,10,3,1,2,2,9,3,1,2, , , , , ,18,1,2
7905,1,1, , ,2,38,1,39,2,1,6,1,1,2,1,3,1,1,2, , , , , , , , , , ,9,1,2
7906,1,1,1,1,2,42,1,47,2,2,15,5,1,2,1,5,1,1,2, , , , , , , , , , ,17,1,9
7908,1,1,1,1,2,41,1,43,3,1,13,4,1,2,1,11,3,1,2,1,10,3,1,2, , , , , ,14,1,14
7910,1,1,1,1,2,36,1,39,2,1,9,3,1,2,1,7,2,1,2, , , , , , , , , , ,12,1,5
7911,1,1,1,1,2,37,1,36,3,1,9,3,1,2,1,5,1,1,2,2,0,1,1,2, , , , , ,12,1,2
7913,1,1, , ,2,35,1,35,2,2,9,2,1,2,1,3,1,1,2, , , , , , , , , , ,12,1,5
7917,1,1,1,1,2,42,1,43,4,1,17,5,1,2,2,15,5,1,2,1,13,4,1,2,2,9,2,1,2,19,1,10
7920,1,1,1,3,2,43,1,43,3,1,21,6,1,2,2,19,6,1,2,1,16,5,1,2, , , , , ,22,1,11
8006,1,1, , ,2,35,1,34,1,1,3,1,1,2, , , , , , , , , , , , , , , ,9,1,5
8008,1,1, , ,2,40,1,36,1,1,0,1,1,2, , , , , , , , , , , , , , , ,3,4,3
8009,1,1,1,1,2,38,1,37,2,1,15,5,1,2,1,11,3,1,2, , , , , , , , , , ,15,4,35
8010,1,1, , ,2,38,1,39,1,2,7,2,1,2, , , , , , , , , , , , , , , ,7,1,8
8013,1,1,1,2,2,42,1,44,3,1,18,6,1,2,1,17,5,1,2,1,14,4,1,2, , , , , ,20,1,17
8015,1,1,1,1,2,41,1,43,2,1,15,5,1,2,1,13,4,1,2, , , , , , , , , , ,17,1,12
8016,1,1,1,1,2,38,1,39,2,1,12,4,1,2,2,10,3,1,2, , , , , , , , , , ,14,1,8
8018,1,1,1,1,2,44,1,49,2,2,14,4,1,2,2,10,3,1,2, , , , , , , , , , ,19,1,4
8020,1,1,1,2,2,43,1,45,2,2,18,6,1,2,1,13,4,1,2, , , , , , , , , , ,20,1,43
8021,1,1,1,1,2,40,1,41,2,1,14,4,1,2,1,9,3,1,2, , , , , , , , , , ,16,1,5
8022,1,1,1,1,2,38,1,47,2,1,12,4,1,2,2,9,3,1,2, , , , , , , , , , ,14,4,4
8102,1,1,1,1,2,39,1,39,2,2,11,3,1,2,1,6,2,1,2, , , , , , , , , , ,15,1,1
8107,1,1,1,1,2,40,1,50,2,2,15,4,1,2,2,13,4,1,2, , , , , , , , , , ,15,1,4
8108,1,1,1,1,2,39,1,44,2,1,13,4,1,2,2,9,3,1,2, , , , , , , , , , ,16,4,5
8109,1,1,1,1,2,37,1,37,3,1,11,3,1,2,2,10,3,1,2,1,6,1,1,2, , , , , ,14,4,5
8110,1,1,1,1,2,40,1,41,2,1,10,3,1,2,2,7,2,1,2, , , , , , , , , , ,14,4,2
8112,1,1, , ,2,39,1,49,1,2,6,2,1,2, , , , , , , , , , , , , , , ,10,1,4
8113,1,1,1,1,2,39,1,47,3,1,15,5,1,2,2,13,4,1,2,1,11,3,1,2, , , , , ,16,1,11
8114,1,1, , ,2,37,1,36,2,2,2,1,1,2,1,0,1,1,2, , , , , , , , , , ,7,1,4
8116,1,1,1,1,2,35,1,36,3,1,10,3,1,2,2,7,2,1,2,1,3,1,1,2, , , , , ,10,4,3
8120,1,1,1,1,2,37,1,38,1,2,15,5,1,2, , , , , , , , , , , , , , , ,15,1,37
8122,1,1, , ,2,38,1,41,2,2,3,1,1,2,1,2,1,1,2, , , , , , , , , , ,6,1,4
8203,1,1, , ,2,36,1,35,2,1,8,2,1,2,2,6,2,1,2, , , , , , , , , , ,10,2,6
8204,1,1,1,1,2,44,1,51,1,2,17,5,1,2, , , , , , , , , , , , , , , ,19,2,19
8206,1,1,1,1,2,37,1,40,1,1,13,4,1,2, , , , , , , , , , , , , , , ,14,4,15
8209,1,1,1,1,2,41,1,44,3,2,15,5,1,2,1,13,4,1,2,2,8,2,1,2, , , , , ,16,4,6
8210,1,1,1,1,2,41,1,45,3,2,17,5,1,2,1,12,4,1,2,2,10,3,1,2, , , , , ,18,2,12
8211,1,1,1,1,2,42,1,51,2,1,11,3,1,2,1,9,3,1,2, , , , , , , , , , ,12,1,3
8214,1,1,1,1,2,39,1,34,3,2,11,3,1,2,1,10,3,1,2,2,9,2,1,2, , , , , ,13,4,5
8216,1,1, , ,2,38,1,39,1,2,8,2,1,2, , , , , , , , , , , , , , , ,11,4,9
8217,1,1,1,2,2,44,1,50,3,2,20,6,1,2,2,16,5,1,2,2,11,3,1,2, , , , , ,25,4,11
8220,1,1, , ,2,36,1,35,3,1,5,1,1,2,2,3,1,1,2,2,0,1,1,2, , , , , ,10,4,0
8222,1,1,1,1,2,37,1,40,3,1,12,4,1,2,2,10,3,1,2,1,6,2,1,2, , , , , ,13,4,4
8302,1,1, , ,2,35,1,42,1,2,0,1,1,2, , , , , , , , , , , , , , , ,1,3,1
8303,1,1,1,2,2,44,1,49,3,1,20,6,1,2,1,17,5,1,2,1,15,5,1,2, , , , , ,21,1,12
8304,1,1, , ,2,36,1,35,1,2,7,2,1,2, , , , , , , , , , , , , , , ,9,3,3
8308,1,1,1,1,2,38,1,43,1,2,15,5,1,2, , , , , , , , , , , , , , , ,17,2,5
8309,1,1,1,1,2,35,1,37,2,1,12,4,1,2,2,8,2,1,2, , , , , , , , , , ,14,9,5
8310,1,1,1,1,2,43,1,51,2,2,16,5,1,2,1,12,4,1,2, , , , , , , , , , ,17,1,15
8312,1,1,1,1,2,38,1,39,2,1,13,4,1,2,2,11,3,1,2, , , , , , , , , , ,14,4,8
8314,1,1, , ,2,35,1,32,1,1,3,1,1,2, , , , , , , , , , , , , , , ,9,4,6
8316,1,1,1,1,2,37,1,44,2,1,12,3,1,2,2,8,2,1,2, , , , , , , , , , ,13,1,6
8317,1,1,1,1,2,44,1,50,2,2,16,5,1,2,1,11,3,1,2, , , , , , , , , , ,18,1,18
8318,1,1,1,2,2,43,1,49,2,1,23,6,1,2,1,16,5,1,2, , , , , , , , , , ,24,3,24
8320,1,1, , ,2,41,1,39,1,2,1,1,1,2, , , , , , , , , , , , , , , ,8,2,3
8401,1,1,1,1,2,42,1,45,2,1,12,4,1,2,1,9,2,1,2, , , , , , , , , , ,14,4,9
8402,1,1,1,2,2,40,1,46,2,1,19,6,1,2,1,16,5,1,2, , , , , , , , , , ,19,1,37
8404,1,1,1,1,2,41,1,50,2,2,13,4,1,2,2,12,4,1,2, , , , , , , , , , ,17,1,17
8406,1,1,1,2,2,43,1,44,3,2,22,6,1,2,2,17,5,1,2,1,12,4,1,2, , , , , ,23,3,23
8408,1,1, , ,2,41,1,39,0, , , , , , , , , , , , , , , , , , , , ,14,4,14
8409,1,1, , ,2,37,1,45,1,2,7,2,1,2, , , , , , , , , , , , , , , ,9,4,14
8410,1,1,1,1,2,39,1,42,2,1,14,4,1,2,1,10,3,1,2, , , , , , , , , , ,15,4,15
8412,1,1,1,1,2,38,1,39,2,1,17,5,1,2,1,15,4,1,2, , , , , , , , , , ,18,4,10
8413,1,1, , ,2,38,1,40,1,2,5,1,1,2, , , , , , , , , , , , , , , ,14,4,4
8414,1,1, , ,2,37,1,37,0, , , , , , , , , , , , , , , , , , , , ,6,1,22
8415,1,1,1,1,2,36,1,37,2,1,10,3,1,2,2,5,1,1,2, , , , , , , , , , ,11,1,10
8418,1,1,1,1,2,37,1,41,2,2,11,3,1,2,1,4,1,1,2, , , , , , , , , , ,14,1,20
8420,1,1,1,1,2,38,1,50,3,1,14,4,1,2,1,13,4,1,2,1,9,2,1,2, , , , , ,14,4,14
8501,1,1,1,1,2,42,1,44,2,1,16,5,1,2,2,8,2,1,2, , , , , , , , , , ,19,1,7
8502,1,1, , ,2,36,1,36,2,1,6,1,1,2,2,3,1,1,2, , , , , , , , , , ,10,1,6
8503,1,1, , ,2,41,1,41,0, , , , , , , , , , , , , , , , , , , , ,20,1,6
8504,1,1,1,1,2,40,1,44,2,2,13,4,1,2,1,9,3,1,2, , , , , , , , , , ,16,1,6
8507,1,1,1,1,2,42,1,42,3,1,18,5,1,2,1,15,5,1,2,2,4,1,1,2, , , , , ,19,1,6
8509,1,1,1,1,2,36,1,40,2,2,9,3,1,2,1,7,2,1,2, , , , , , , , , , ,11,1,5
8514,1,1, , ,2,36,1,35,2,1,5,1,1,2,1,4,1,1,2, , , , , , , , , , ,9,1,4
8515,1,1,1,1,2,39,1,37,3,2,10,3,1,2,1,7,2,1,2,2,5,1,1,2, , , , , ,11,1,5
8520,1,1, , ,2,36,1,37,1,1,3,1,1,2, , , , , , , , , , , , , , , ,10,1,5
8602,1,1,1,1,2,44,1,46,3,1,15,5,1,2,2,12,4,1,2,1,10,3,1,2, , , , , ,16,1,15
8603,1,1, , ,2,39,1,48,1,1,4,1,1,2, , , , , , , , , , , , , , , ,11,1,1
8605,1,1,1,2,2,43,1,49,2,2,20,6,1,2,1,16,5,1,2, , , , , , , , , , ,21,1,13
8612,1,1,1,1,2,40,1,39,3,2,12,3,1,2,2,7,2,1,2,2,6,2,1,2, , , , , ,13,3,7
8618,1,1, , ,2,38,1,34,2,2,7,2,1,2,2,4,1,1,2, , , , , , , , , , ,10,1,7
8620,1,1,1,1,2,35,1,40,1,2,12,4,1,2, , , , , , , , , , , , , , , ,15,1,6
8703,1,1,1,1,2,35,1,37,3,1,14,4,1,2,1,12,4,1,2,1,4,1,1,2, , , , , ,15,1,15
8704,1,1, , ,2,38,1,42,2,1,9,2,1,2,1,6,2,1,2, , , , , , , , , , ,11,1,8
8707,1,1,1,1,2,41,1,40,1,2,17,5,1,2, , , , , , , , , , , , , , , ,22,3,3
8708,1,1, , ,2,44,1,50,2,2,20,6,1,2,1,19,6,1,2, , , , , , , , , , ,21,1,21
8711,1,1, , ,2,40,1,40,2,1,3,1,1,2,2,0,1,1,2, , , , , , , , , , ,10,3,10
8716,1,1,1,1,2,35,1,40,2,1,11,3,1,2,2,6,1,1,2, , , , , , , , , , ,14,2,3
8718,1,1,1,2,2,44,1,46,2,1,19,6,1,2,2,15,4,1,2, , , , , , , , , , ,22,2,3
8719,1,1, , ,2,37,1,37,2,1,7,2,1,2,1,4,1,1,2, , , , , , , , , , ,11,2,2
8720,1,1,1,2,2,43,1,48,2,1,20,6,1,2,1,16,5,1,2, , , , , , , , , , ,22,1,16
8722,1,1, , ,2,37,1,39,2,2,8,2,1,2,1,5,1,1,2, , , , , , , , , , ,10,1,3
8804,1,1,1,1,2,39,1,44,1,1,16,5,1,2, , , , , , , , , , , , , , , ,17,1,5
8807,1,1,1,1,2,43,1,46,2,1,16,5,1,2,1,14,4,1,2, , , , , , , , , , ,18,1,15
8808,1,1, , ,2,39,1,43,0, , , , , , , , , , , , , , , , , , , , ,15,4,1
8809,1,1,1,1,2,41,1,39,3,2,13,4,1,2,2,10,3,1,2,1,5,1,1,2, , , , , ,14,4,10
8810,1,1,1,2,2,43,1,50,3,2,21,6,1,2,2,13,4,1,2,2,9,3,1,2, , , , , ,23,3,9
8816,1,1,1,1,2,44,1,51,2,2,14,4,1,2,2,13,4,1,2, , , , , , , , , , ,17,1,0
8817,1,1,1,1,2,41,1,41,4,1,17,5,1,2,2,15,5,1,2,1,12,4,1,2,2,10,3,1,2,19,1,22
8818,1,1,1,1,2,43,1,48,2,2,18,5,1,2,2,15,4,1,2, , , , , , , , , , ,19,1,16
8821,1,1, , ,2,36,1,36,0, , , , , , , , , , , , , , , , , , , , ,999,1,999
8904,1,1,1,1,2,38,1,42,1,1,14,4,1,2, , , , , , , , , , , , , , , ,15,4,8
8905,1,1, , ,2,43,1,40,1,2,8,2,1,2, , , , , , , , , , , , , , , ,10,4,10
8906,1,1,1,1,2,37,1,41,2,1,12,4,1,2,2,8,2,1,2, , , , , , , , , , ,20,4,20
8907,1,1,1,1,2,36,1,39,2,2,11,3,1,2,1,7,2,1,2, , , , , , , , , , ,15,1,15
8908,1,1,1,1,2,35,1,37,2,1,11,3,1,2,2,9,2,1,2, , , , , , , , , , ,13,1,11
8917,1,1, , ,2,42,1,46,0, , , , , , , , , , , , , , , , , , , , ,7,1,7
8918,1,1, , ,2,35,1,32,2,1,3,1,1,2,2,0,1,1,2, , , , , , , , , , ,5,2,3
8921,1,1,1,1,2,39,1,39,1,1,9,3,1,2, , , , , , , , , , , , , , , ,11,1,0
8922,1,1,1,1,2,35,1,43,2,1,10,3,1,2,2,8,2,1,2, , , , , , , , , , ,11,1,4
9001,1,1,1,1,2,43,1,48,1,2,17,5,1,2, , , , , , , , , , , , , , , ,19,1,19
9002,1,1, , ,2,41,1,47,1,2,7,2,1,2, , , , , , , , , , , , , , , ,10,1,5
9003,1,1,1,1,2,37,1,41,2,1,9,3,1,2,2,7,2,1,2, , , , , , , , , , ,10,1,10
9004,1,1,1,1,2,39,1,43,1,2,11,3,1,2, , , , , , , , , , , , , , , ,12,1,3
9005,1,1,1,1,2,40,1,40,3,1,12,3,1,2,1,9,3,1,2,2,4,1,1,2, , , , , ,14,4,14
9007,1,1,1,1,2,40,1,43,3,2,13,4,1,2,1,11,3,1,2,1,6,1,1,2, , , , , ,19,1,19
9009,1,1,1,1,2,38,1,39,2,1,12,4,1,2,2,9,3,1,2, , , , , , , , , , ,13,1,3
9011,1,1, , ,2,40,1,44,1,2,5,1,1,2, , , , , , , , , , , , , , , ,14,1,3
9013,1,1, , ,2,39,1,44,3,2,9,2,1,2,1,6,2,1,2,1,4,1,1,2, , , , , ,10,1,10
9014,1,1, , ,2,40,1,40,1,2,5,1,1,2, , , , , , , , , , , , , , , ,7,3,0
9021,1,1,1,1,2,40,1,39,3,2,13,4,1,2,2,12,3,1,2,1,3,1,1,2, , , , , ,15,3,15
9022,1,1, , ,2,38,1,43,2,1,7,2,1,2,2,5,1,1,2, , , , , , , , , , ,15,1,4
9102,1,1,1,1,2,41,1,47,2,2,14,4,1,2,1,11,3,1,2, , , , , , , , , , ,17,1,1
9105,1,1,1,1,2,35,1,37,3,2,15,5,1,2,2,10,3,1,2,2,3,1,1,2, , , , , ,16,1,13
9106,1,1, , ,2,35,1,35,0, , , , , , , , , , , , , , , , , , , , ,0,4,1
9107,1,1,1,1,2,35,1,38,2,1,12,4,1,2,2,8,2,1,2, , , , , , , , , , ,14,4,14
9111,1,1,1,1,2,44,1,47,2,2,14,4,1,2,1,12,3,1,2, , , , , , , , , , ,17,1,12
9113,1,1,1,1,2,38,1,38,2,2,14,4,1,2,2,12,4,1,2, , , , , , , , , , ,14,4,15
9118,1,1,1,1,2,37,1,37,2,2,9,3,1,2,1,8,2,1,2, , , , , , , , , , ,10,4,9
9119,1,1,1,1,2,43,1,43,2,1,15,4,1,2,2,13,4,1,2, , , , , , , , , , ,19,3,13
9201,1,1,1,2,2,42,1,44,2,2,20,6,1,2,2,17,5,1,2, , , , , , , , , , ,21,4,21
9205,1,1, , ,2,42,1,47,2,1,20,6,1,2,2,18,6,1,2, , , , , , , , , , ,13,1,15
9210,1,1,1,1,2,41,1,42,4,1,12,4,1,2,1,11,3,1,2,2,7,2,1,2,1,4,1,1,2,15,3,2
9211,1,1,1,1,2,41,1,39,2,2,13,4,1,2,2,2,1,1,2, , , , , , , , , , ,15,1,1
9216,1,1,1,1,2,42,1,48,2,2,17,5,1,2,1,15,4,1,2, , , , , , , , , , ,18,1,15
9302,1,1,1,1,2,37,1,39,2,2,13,4,1,2,2,10,3,1,2, , , , , , , , , , ,15,3,14
9303,1,1,1,1,2,42,1,47,3,1,16,5,1,2,1,13,4,1,2,1,11,3,1,2, , , , , ,17,1,15
9304,1,1, , ,2,36,1,37,2,2,7,2,1,2,1,4,1,1,2, , , , , , , , , , ,8,1,7
9305,1,1,1,1,2,40,1,40,2,1,12,4,1,2,2,10,3,1,2, , , , , , , , , , ,13,1,11
9306,1,1, , ,2,35,1,35,3,2,6,2,1,2,1,3,1,1,2,1,0,1,1,2, , , , , ,9,1,3
9307,1,1, , ,2,37,1,38,2,1,8,2,1,2,2,6,2,1,2, , , , , , , , , , ,10,1,33
9308,1,1, , ,2,37,1,37,1,2,7,2,1,2, , , , , , , , , , , , , , , ,11,1,11
9309,1,1,1,1,2,41,1,42,2,1,13,4,1,2,1,9,3,1,2, , , , , , , , , , ,15,1,13
9312,1,1, , ,2,37,1,37,0, , , , , , , , , , , , , , , , , , , , ,10,1,30
9314,1,1,1,1,2,37,1,41,2,1,11,3,1,2,2,8,2,1,2, , , , , , , , , , ,15,1,37
9319,1,1,1,1,2,39,1,40,2,1,15,4,1,2,2,13,4,1,2, , , , , , , , , , ,16,1,12
9321,1,1,1,1,2,39,1,35,3,2,13,4,1,2,2,8,2,1,2,2,2,1,1,2, , , , , ,14,3,25
9322,1,1,1,1,2,36,1,49,2,1,12,4,1,2,2,9,2,1,2, , , , , , , , , , ,13,3,36
9401,1,1, , ,2,36,1,35,1,1,0,1,1,2, , , , , , , , , , , , , , , ,6,4,4
9403,1,1, , ,2,35,1,36,0, , , , , , , , , , , , , , , , , , , , ,8,3,8
9405,1,1,1,1,2,40,1,43,2,1,10,3,1,2,1,7,2,1,2, , , , , , , , , , ,15,1,15
9406,1,1,1,2,2,42,1,47,4,1,18,6,1,2,1,16,5,1,2,2,12,3,1,2,2,8,2,1,2,19,1,22
9407,1,1,1,1,2,43,1,39,3,2,10,3,1,2,2,7,2,1,2,2,3,1,1,2, , , , , ,11,3,8
9408,1,1,1,2,2,43,1,45,2,1,21,6,1,2,2,17,5,1,2, , , , , , , , , , ,22,1,22
9412,1,1,1,1,2,39,1,39,3,1,16,5,1,2,1,11,3,1,2,1,2,1,1,2, , , , , ,20,9,6
9413,1,1,1,1,2,37,1,40,2,1,10,3,1,2,2,7,2,1,2, , , , , , , , , , ,13,4,11
9414,1,1,1,1,2,42,1,54,2,1,15,4,1,2,1,11,3,1,2, , , , , , , , , , ,18,1,9
9415,1,1,1,1,2,38,1,47,3,2,14,4,1,2,1,12,4,1,2,2,9,3,1,2, , , , , ,15,3,2
9418,1,1,1,1,2,43,1,45,3,1,16,5,1,2,1,11,3,1,2,1,8,2,1,2, , , , , ,20,1,25
9421,1,1,1,1,2,37,1,40,2,2,17,5,1,2,1,16,5,1,2, , , , , , , , , , ,18,1,18
9501,1,1,1,1,2,40,1,39,1,1,12,4,1,2, , , , , , , , , , , , , , , ,14,1,5
9503,1,1,1,1,2,38,1,38,1,1,10,3,1,2, , , , , , , , , , , , , , , ,11,1,38
9504,1,1,1,1,2,36,1,46,2,1,10,3,1,2,1,2,1,1,2, , , , , , , , , , ,10,1,16
9506,1,1, , ,2,37,1,36,2,1,6,1,1,2,2,2,1,1,2, , , , , , , , , , ,8,1,6
9510,1,1,1,1,2,39,1,42,2,1,12,4,1,2,1,10,3,1,2, , , , , , , , , , ,13,1,11
9511,1,1,1,1,2,37,1,43,1,1,9,3,1,2, , , , , , , , , , , , , , , ,11,1,30
9512,1,1,1,1,2,40,1,48,3,2,13,4,1,2,1,11,3,1,2,2,10,3,1,2, , , , , ,14,1,37
9514,1,1,1,1,2,43,1,46,2,2,13,4,1,2,2,9,3,1,2, , , , , , , , , , ,15,1,15
9516,1,1, , ,2,38,1,40,3,1,8,2,1,2,2,6,2,1,2,1,2,1,1,2, , , , , ,16,1,16
9517,1,1,1,1,2,38,1,40,3,1,12,4,1,2,1,9,3,1,2,2,3,1,1,2, , , , , ,14,1,13
9518,1,1,1,1,2,40,1,40,3,1,14,4,1,2,1,12,3,1,2,1,8,2,1,2, , , , , ,15,1,12
9519,1,1,1,1,2,38,1,40,2,1,16,5,1,2,2,13,4,1,2, , , , , , , , , , ,17,4,10
9601,1,1,1,2,2,42,1,49,3,2,20,6,1,2,2,17,5,1,2,2,11,3,1,2, , , , , ,22,2,18
9602,1,1,1,1,2,43,1,51,1,1,11,3,1,2, , , , , , , , , , , , , , , ,21,2,8
9604,1,1, , ,2,39,1,35,2,2,6,1,1,2,2,3,1,1,2, , , , , , , , , , ,8,4,1
9610,1,1,1,1,2,37,1,48,3,2,12,4,1,2,1,10,3,1,2,1,8,2,1,2, , , , , ,13,3,3
9614,1,1, , ,2,40,1,42,0, , , , , , , , , , , , , , , , , , , , ,14,1,1
9615,1,1, , ,2,40,1,49,2,2,5,1,1,2,1,3,1,1,2, , , , , , , , , , ,8,1,1
9616,1,1,1,1,2,42,1,49,4,2,15,5,1,2,1,13,4,1,2,2,11,3,1,2,2,8,2,1,2,18,1,14
9617,1,1,1,1,2,36,1,39,2,1,13,4,1,2,2,10,3,1,2, , , , , , , , , , ,14,1,1
9618,1,1,1,1,2,43,1,46,2,2,18,5,1,2,1,15,4,1,2, , , , , , , , , , ,20,1,10
9620,1,1, , ,2,39,1,37,2,1,7,2,1,2,1,5,1,1,2, , , , , , , , , , ,8,3,1
9621,1,1,1,1,2,38,1,39,2,1,10,3,1,2,2,6,2,1,2, , , , , , , , , , ,12,1,6
9702,1,1, , ,2,41,1,35,1,1,4,1,1,2, , , , , , , , , , , , , , , ,6,1,5
9703,1,1,1,1,2,39,1,45,2,2,9,3,1,2,1,6,1,1,2, , , , , , , , , , ,12,1,5
9706,1,1,1,1,2,41,1,44,2,2,15,4,1,2,1,12,4,1,2, , , , , , , , , , ,17,1,6
9708,1,1, , ,2,37,1,47,1,1,1,1,1,2, , , , , , , , , , , , , , , ,3,4,1
9709,1,1,1,1,2,41,1,43,4,1,16,5,1,2,2,10,3,1,2,1,6,1,1,2,1,3,1,1,2,12,1,7
9710,1,1,1,1,2,40,1,44,2,1,14,4,1,2,1,12,4,1,2, , , , , , , , , , ,15,1,5
9711,1,1,1,1,2,40,1,44,2,2,15,5,1,2,1,12,4,1,2, , , , , , , , , , ,16,1,0
9712,1,1,1,1,2,37,1,45,2,1,13,4,1,2,1,10,3,1,2, , , , , , , , , , ,14,1,0
9718,1,1,1,1,2,39,1,41,2,2,15,5,1,2,1,10,3,1,2, , , , , , , , , , ,16,4,4
9719,1,1, , ,2,42,1,47,0, , , , , , , , , , , , , , , , , , , , ,18,1,6
9801,1,1,1,1,2,42,1,48,3,2,15,5,1,2,2,13,4,1,2,1,7,2,1,2, , , , , ,17,1,8
9803,1,1, , ,2,39,1,41,1,2,9,2,1,2, , , , , , , , , , , , , , , ,15,2,6
9804,1,1,1,1,2,35,1,35,1,1,12,3,1,2, , , , , , , , , , , , , , , ,13,1,1
9805,1,1,1,1,2,43,1,46,1,2,10,3,1,2, , , , , , , , , , , , , , , ,12,1,2
9807,1,1, , ,2,44,1,44,3,2,24,6,2,1,1,21,6,1,2,2,20,6,1,2, , , , , ,22,1,6
9808,1,1,1,1,2,37,1,41,3,1,13,4,1,2,2,10,3,1,2,2,7,2,1,2, , , , , ,14,1,10
9810,1,1, , ,2,43,1,50,2,1,22,6,2,2,1,19,6,1,2, , , , , , , , , , ,25,1,7
9811,1,1,1,1,2,41,1,40,3,1,13,4,1,2,2,11,3,1,2,2,4,1,1,2, , , , , ,14,1,0
9813,1,1,1,1,2,41,1,45,3,2,16,5,1,2,2,14,4,1,2,9,10,3,1,2, , , , , ,17,1,7
9816,1,1,1,1,2,40,1,39,2,1,11,3,1,2,2,9,3,1,2, , , , , , , , , , ,12,1,4
9817,1,1,1,1,2,38,1,42,2,2,11,3,1,2,2,8,2,1,2, , , , , , , , , , ,12,1,4
9818,1,1,1,1,2,44,1,51,2,1,17,5,1,2,1,15,5,1,2, , , , , , , , , , ,18,1,17
9819,1,1,1,1,2,36,1,38,2,1,12,4,1,2,1,11,3,1,2, , , , , , , , , , ,13,1,2
9820,1,1, , ,2,41,1,46,0, , , , , , , , , , , , , , , , , , , , ,17,1,1
9821,1,1,1,1,2,44,1,42,2,1,12,4,1,2,1,10,3,1,2, , , , , , , , , , ,14,1,4
9901,1,1, , ,2,41,1,40,0, , , , , , , , , , , , , , , , , , , , ,14,1,12
9914,1,1,1,1,2,40,1,46,2,1,15,5,1,2,1,13,4,1,2, , , , , , , , , , ,18,1,18
9915,1,1, , ,2,39,1,37,2,1,6,2,1,2,1,4,1,1,2, , , , , , , , , , ,8,2,7
9916,1,1,1,1,2,38,1,35,3,2,10,3,1,2,1,8,2,1,2,1,5,1,1,2, , , , , ,11,2,15
9917,1,1,1,1,2,43,1,48,2,2,15,5,1,2,1,11,3,1,2, , , , , , , , , , ,16,2,5
9918,1,1,1,1,2,44,1,44,4,1,14,4,1,2,1,13,4,1,2,2,12,3,1,2,1,8,2,1,2,17,2,10
9919,1,1, , ,2,38,1,37,2,2,8,2,1,2,1,5,1,1,2, , , , , , , , , , ,10,4,27
9920,1,1, , ,2,41,1,44,0, , , , , , , , , , , , , , , , , , , , ,15,2,16
9921,1,1, , ,2,36,1,33,2,2,2,1,1,2,1,0,1,1,2, , , , , , , , , , ,5,2,5
10001,1,1,1,1,2,40,1,45,3,1,14,4,1,2,2,10,3,1,2,1,8,2,1,2, , , , , ,16,4,16
10004,1,1,1,1,2,42,1,42,2,2,15,5,1,2,1,13,4,1,2, , , , , , , , , , ,19,1,19
10005,1,1,1,1,2,43,1,54,1,2,15,5,1,2, , , , , , , , , , , , , , , ,18,1,12
10006,1,1,1,1,2,39,1,43,3,1,14,4,1,2,1,12,3,1,2,1,9,3,1,2, , , , , ,16,1,15
10010,1,1, , ,2,38,1,37,1,1,6,2,1,2, , , , , , , , , , , , , , , ,8,1,6
10011,1,1,1,3,2,44,1,51,3,1,23,6,2,2,2,21,6,2,2,1,16,5,1,2, , , , , ,24,1,15
10012,1,1,1,1,2,41,1,41,2,1,17,5,1,2,1,13,4,1,2, , , , , , , , , , ,19,1,16
10015,1,1,1,1,2,37,1,37,2,1,9,3,1,2,2,4,1,1,2, , , , , , , , , , ,13,1,13
10016,1,1,1,1,2,44,1,47,2,1,18,5,1,2,1,15,5,1,2, , , , , , , , , , ,19,1,12
10018,1,1,1,1,2,41,1,42,1,1,15,5,1,2, , , , , , , , , , , , , , , ,16,1,16
10019,1,1,1,1,2,37,1,44,2,2,11,3,1,2,1,7,2,1,2, , , , , , , , , , ,12,2,30
10020,1,1, , ,2,35,1,34,1,1,8,2,1,2, , , , , , , , , , , , , , , ,10,2,6
10021,1,1,1,1,2,41,1,45,2,1,16,5,1,2,1,14,4,1,2, , , , , , , , , , ,17,2,14
